Name,MRP,SellingPrice,Tags,product_id,SKU,product_link,About,Uses,DirectionsForUse,MedicinalBenefits,HowItWorks,Images
Paracip-500 Tablet 10's,10.0,10.0,"['500MG', 'Fever', 'Pain relief']",26829,PAR0083,https://www.apollopharmacy.in/otc/paracip-500mg-tablet?doNotTrack=true,"Paracip-500 Tablet  belongs to the group of medicines called analgesics (pain killers) and antipyretics (fever-reducing agents) used to reduce fever and treat mild to moderate pain. It is alsoused to relieve headaches, migraine, toothache, period pain, back pain, muscle pain, and rheumatic pain. Pain and fever are caused by the activation of pain receptors due to the release of certain natural chemicals in the body, like prostaglandin.Paracip-500 Tablet  works by inhibiting the production of certain chemical messengers in the brain known as prostaglandins, reducing pain. Also, Paracip-500 Tablet  affects an area of the brain that regulates body temperature, known as the hypothalamic heat-regulating centre, reducing fever.Take Paracip-500 Tablet  as advised by your physician. Your doctor will recommend how often you need to take Paracip-500 Tablet  based on your medical condition. In some cases, Paracip-500 Tablet  may cause side effects such as nausea, stomach pain and dark-coloured urine. Most of these side effects of Paracip-500 Tablet  do not require medical attention and gradually resolve over time. However, if the side effects persist or worsen, please consult your doctor.Avoid taking Paracip-500 Tablet  if allergic to it. Paracip-500 Tablet  is not recommended for children below 6 years of age. If you are pregnant or breastfeeding, please consult a physician before using Paracip-500 Tablet . Avoid alcohol consumption with Paracip-500 Tablet  as it may increase the risk of liver damage. If you have an impaired nutritional state caused by anorexia (eating disorder), malnutrition or alcohol abuse or if you are dehydrated, inform your doctor before taking Paracip-500 Tablet .","Paracip-500 Tablet  is used for Fever and pain relief. The detailed uses of Paracip-500 Tablet  are as follows:•Pain Relief: Paracip-500 Tablet  is commonly used to treat mild to moderate pain, including headaches, toothaches, muscle aches, and menstrual cramps. It works by suppressing the brain's production of prostaglandins, which induce pain.•Fever Reduction: Paracip-500 Tablet  effectively reduces fever caused by infections or other conditions. It lowers the body's temperature by working on the hypothalamic heat-regulating area.•Cold and Flu Symptom Relief: Paracip-500 Tablet  is also used to treat cold and flu symptoms such as body pains, fever, and headaches.•Post-Surgery Pain Management: Paracip-500 Tablet  is used to treat post-surgery pain, especially when it is mild to moderate, as an alternative to heavier pain drugs.•Arthritis-related Pain: Paracip-500 Tablet  is used to treat joint pain and discomfort caused by osteoarthritis and rheumatoid arthritis, reducing pain and inflammation.","Swallow it as a whole with a glass of water. It can be taken with or without food anytime. Do not crush, break or chew it.","Paracip-500 Tablet  contains Paracetamol, an analgesic (pain killer) and antipyretic (reduces fever). It inhibits the production of certain chemical messengers in the brain known as prostaglandins, reducing pain. Also, Paracip-500 Tablet  affects an area of the brain that regulates body temperature known as the hypothalamic heat-regulating centre, reducing fever.","Paracip-500 Tablet  works by inhibiting the production of certain chemical messengers in the brain known as prostaglandins, reducing pain. Also, Paracip-500 Tablet  affects an area of the brain that regulates body temperature, known as the hypothalamic heat-regulating centre, reducing fever.","https://images.apollo247.in/pub/media/catalog/product/p/a/par0083_1.jpg, https://images.apollo247.in/pub/media/catalog/product/p/a/par0083_2.jpg, https://images.apollo247.in/pub/media/catalog/product/p/a/par0083_3.jpg, https://images.apollo247.in/pub/media/catalog/product/p/a/par0083_6.jpg, https://images.apollo247.in/pub/media/catalog/product/p/a/par0083_5.jpg, https://images.apollo247.in/pub/media/catalog/product/p/a/par0083_4.jpg"
Crocin Advance Tablet 20's,20.0,18.0,"['500MG', 'Fever', 'Pain Relief']",48741,CRO0091,https://www.apollopharmacy.in/otc/crocin-advance-tablet?doNotTrack=true,"Crocin Advance Tablet  belongs to the group of medicines called analgesics (pain killers) and antipyretics (fever-reducing agents) used to reduce fever and treat mild to moderate pain. It is alsoused to relieve headaches, migraine, toothache, period pain, back pain, muscle pain, and rheumatic pain. Pain and fever are caused by the activation of pain receptors due to the release of certain natural chemicals in the body, like prostaglandin.Crocin Advance Tablet  works by inhibiting the production of certain chemical messengers in the brain known as prostaglandins, reducing pain. Also, Crocin Advance Tablet  affects an area of the brain that regulates body temperature, known as the hypothalamic heat-regulating centre, reducing fever.Take Crocin Advance Tablet  as advised by your physician. Your doctor will recommend how often you need to take Crocin Advance Tablet  based on your medical condition. In some cases, Crocin Advance Tablet  may cause side effects such as nausea, stomach pain and dark-coloured urine. Most of these side effects of Crocin Advance Tablet  do not require medical attention and gradually resolve over time. However, if the side effects persist or worsen, please consult your doctor.Avoid taking Crocin Advance Tablet  if allergic to it. Crocin Advance Tablet  is not recommended for children below 6 years of age. If you are pregnant or breastfeeding, please consult a physician before using Crocin Advance Tablet . Avoid alcohol consumption with Crocin Advance Tablet  as it may increase the risk of liver damage. If you have an impaired nutritional state caused by anorexia (eating disorder), malnutrition or alcohol abuse or if you are dehydrated, inform your doctor before taking Crocin Advance Tablet .","Crocin Advance Tablet  is used for Fever and pain relief. The detailed uses of Crocin Advance Tablet  are as follows:•Pain Relief: Crocin Advance Tablet  is commonly used to treat mild to moderate pain, including headaches, toothaches, muscle aches, and menstrual cramps. It works by suppressing the brain's production of prostaglandins, which induce pain.•Fever Reduction: Crocin Advance Tablet  effectively reduces fever caused by infections or other conditions. It lowers the body's temperature by working on the hypothalamic heat-regulating area.•Cold and Flu Symptom Relief: Crocin Advance Tablet  is also used to treat cold and flu symptoms such as body pains, fever, and headaches.•Post-Surgery Pain Management: Crocin Advance Tablet  is used to treat post-surgery pain, especially when it is mild to moderate, as an alternative to heavier pain drugs.•Arthritis-related Pain: Crocin Advance Tablet  is used to treat joint pain and discomfort caused by osteoarthritis and rheumatoid arthritis, reducing pain and inflammation.","Swallow it as a whole with a glass of water. It can be taken with or without food anytime. Do not crush, break or chew it.","Crocin Advance Tablet  contains Paracetamol, an analgesic (pain killer) and antipyretic (reduces fever). It inhibits the production of certain chemical messengers in the brain known as prostaglandins, reducing pain. Also, Crocin Advance Tablet  affects an area of the brain that regulates body temperature known as the hypothalamic heat-regulating centre, reducing fever.","Crocin Advance Tablet  works by inhibiting the production of certain chemical messengers in the brain known as prostaglandins, reducing pain. Also, Crocin Advance Tablet  affects an area of the brain that regulates body temperature, known as the hypothalamic heat-regulating centre, reducing fever.","https://images.apollo247.in/pub/media/catalog/product/C/R/CRO0091_1.jpg, https://images.apollo247.in/pub/media/catalog/product/C/R/CRO0091_2.jpg, https://images.apollo247.in/pub/media/catalog/product/C/R/CRO0091_3.jpg"
Dolopar-650 Tablet 15's,33.5,30.15,"['Fever', 'Pain relief']",16422,DOL0058,https://www.apollopharmacy.in/otc/dolopar-650mg-tablet?doNotTrack=true,"Dolopar-650 Tablet  belongs to the group of medicines called analgesics (pain killers) and antipyretics (fever-reducing agents) used to reduce fever and treat mild to moderate pain. It is alsoused to relieve headaches, migraine, toothache, period pain, back pain, muscle pain, and rheumatic pain. Pain and fever are caused by the activation of pain receptors due to the release of certain natural chemicals in the body, like prostaglandin.Dolopar-650 Tablet  works by inhibiting the production of certain chemical messengers in the brain known as prostaglandins, reducing pain. Also, Dolopar-650 Tablet  affects an area of the brain that regulates body temperature, known as the hypothalamic heat-regulating centre, reducing fever.Take Dolopar-650 Tablet  as advised by your physician. Your doctor will recommend how often you need to take Dolopar-650 Tablet  based on your medical condition. In some cases, Dolopar-650 Tablet  may cause side effects such as nausea, stomach pain and dark-coloured urine. Most of these side effects of Dolopar-650 Tablet  do not require medical attention and gradually resolve over time. However, if the side effects persist or worsen, please consult your doctor.Avoid taking Dolopar-650 Tablet  if allergic to it. Dolopar-650 Tablet  is not recommended for children below 6 years of age. If you are pregnant or breastfeeding, please consult a physician before using Dolopar-650 Tablet . Avoid alcohol consumption with Dolopar-650 Tablet  as it may increase the risk of liver damage. If you have an impaired nutritional state caused by anorexia (eating disorder), malnutrition or alcohol abuse or if you are dehydrated, inform your doctor before taking Dolopar-650 Tablet .","Dolopar-650 Tablet  is used for Fever and pain relief. The detailed uses of Dolopar-650 Tablet  are as follows:•Pain Relief: Dolopar-650 Tablet  is commonly used to treat mild to moderate pain, including headaches, toothaches, muscle aches, and menstrual cramps. It works by suppressing the brain's production of prostaglandins, which induce pain.•Fever Reduction: Dolopar-650 Tablet  effectively reduces fever caused by infections or other conditions. It lowers the body's temperature by working on the hypothalamic heat-regulating area.•Cold and Flu Symptom Relief: Dolopar-650 Tablet  is also used to treat cold and flu symptoms such as body pains, fever, and headaches.•Post-Surgery Pain Management: Dolopar-650 Tablet  is used to treat post-surgery pain, especially when it is mild to moderate, as an alternative to heavier pain drugs.•Arthritis-related Pain: Dolopar-650 Tablet  is used to treat joint pain and discomfort caused by osteoarthritis and rheumatoid arthritis, reducing pain and inflammation.","Swallow it as a whole with a glass of water. It can be taken with or without food anytime. Do not crush, break or chew it.","Dolopar-650 Tablet  contains Paracetamol, an analgesic (pain killer) and antipyretic (reduces fever). It inhibits the production of certain chemical messengers in the brain known as prostaglandins, reducing pain. Also, Dolopar-650 Tablet  affects an area of the brain that regulates body temperature known as the hypothalamic heat-regulating centre, reducing fever.","Dolopar-650 Tablet  works by inhibiting the production of certain chemical messengers in the brain known as prostaglandins, reducing pain. Also, Dolopar-650 Tablet  affects an area of the brain that regulates body temperature, known as the hypothalamic heat-regulating centre, reducing fever.","https://images.apollo247.in/pub/media/catalog/product/d/o/dol0058.jpg, https://images.apollo247.in/pub/media/catalog/product/d/o/dol0058_1.jpg, https://images.apollo247.in/pub/media/catalog/product/d/o/dol0058_2.jpg, https://images.apollo247.in/pub/media/catalog/product/d/o/dol0058_4.jpg, https://images.apollo247.in/pub/media/catalog/product/d/o/dol0058_3.jpg"
Dolo-650 Tablet 15's,33.5,30.15,"['650MG', 'Fever', 'Pain Relief']",54252,DOL0026,https://www.apollopharmacy.in/otc/dolo-650mg-tablet-15-s?doNotTrack=true,"Dolo-650 Tablet  belongs to the group of medicines called analgesics (pain killers) and antipyretics (fever-reducing agents) used to reduce fever and treat mild to moderate pain. It is alsoused to relieve headaches, migraine, toothache, period pain, back pain, muscle pain, and rheumatic pain. Pain and fever are caused by the activation of pain receptors due to the release of certain natural chemicals in the body, like prostaglandin.Dolo-650 Tablet  works by inhibiting the production of certain chemical messengers in the brain known as prostaglandins, reducing pain. Also, Dolo-650 Tablet  affects an area of the brain that regulates body temperature, known as the hypothalamic heat-regulating centre, reducing fever.Take Dolo-650 Tablet  as advised by your physician. Your doctor will recommend how often you need to take Dolo-650 Tablet  based on your medical condition. In some cases, Dolo-650 Tablet  may cause side effects such as nausea, stomach pain and dark-coloured urine. Most of these side effects of Dolo-650 Tablet  do not require medical attention and gradually resolve over time. However, if the side effects persist or worsen, please consult your doctor.Avoid taking Dolo-650 Tablet  if allergic to it. Dolo-650 Tablet  is not recommended for children below 6 years of age. If you are pregnant or breastfeeding, please consult a physician before using Dolo-650 Tablet . Avoid alcohol consumption with Dolo-650 Tablet  as it may increase the risk of liver damage. If you have an impaired nutritional state caused by anorexia (eating disorder), malnutrition or alcohol abuse or if you are dehydrated, inform your doctor before taking Dolo-650 Tablet .","Dolo-650 Tablet  is used for Fever and pain relief. The detailed uses of Dolo-650 Tablet  are as follows:•Pain Relief: Dolo-650 Tablet  is commonly used to treat mild to moderate pain, including headaches, toothaches, muscle aches, and menstrual cramps. It works by suppressing the brain's production of prostaglandins, which induce pain.•Fever Reduction: Dolo-650 Tablet  effectively reduces fever caused by infections or other conditions. It lowers the body's temperature by working on the hypothalamic heat-regulating area.•Cold and Flu Symptom Relief: Dolo-650 Tablet  is also used to treat cold and flu symptoms such as body pains, fever, and headaches.•Post-Surgery Pain Management: Dolo-650 Tablet  is used to treat post-surgery pain, especially when it is mild to moderate, as an alternative to heavier pain drugs.•Arthritis-related Pain: Dolo-650 Tablet  is used to treat joint pain and discomfort caused by osteoarthritis and rheumatoid arthritis, reducing pain and inflammation.","Swallow it as a whole with a glass of water. It can be taken with or without food anytime. Do not crush, break or chew it.","Dolo-650 Tablet  contains Paracetamol, an analgesic (pain killer) and antipyretic (reduces fever). It inhibits the production of certain chemical messengers in the brain known as prostaglandins, reducing pain. Also, Dolo-650 Tablet  affects an area of the brain that regulates body temperature known as the hypothalamic heat-regulating centre, reducing fever.","Dolo-650 Tablet  works by inhibiting the production of certain chemical messengers in the brain known as prostaglandins, reducing pain. Also, Dolo-650 Tablet  affects an area of the brain that regulates body temperature, known as the hypothalamic heat-regulating centre, reducing fever.","https://images.apollo247.in/pub/media/catalog/product/d/o/dol0026_1-.jpg, https://images.apollo247.in/pub/media/catalog/product/d/o/dol0026_2-.jpg"
Calpol 650 Plus Tablet 15's,33.5,30.15,"['650MG', 'Fever', 'Pain Relief']",148722,CAL2958,https://www.apollopharmacy.in/otc/calpol-650-tablet-15-s?doNotTrack=true,"Calpol 650 Plus Tablet  belongs to the group of medicines called analgesics (pain killers) and antipyretics (fever-reducing agents) used to reduce fever and treat mild to moderate pain. It is alsoused to relieve headaches, migraine, toothache, period pain, back pain, muscle pain, and rheumatic pain. Pain and fever are caused by the activation of pain receptors due to the release of certain natural chemicals in the body, like prostaglandin.Calpol 650 Plus Tablet  works by inhibiting the production of certain chemical messengers in the brain known as prostaglandins, reducing pain. Also, Calpol 650 Plus Tablet  affects an area of the brain that regulates body temperature, known as the hypothalamic heat-regulating centre, reducing fever.Take Calpol 650 Plus Tablet  as advised by your physician. Your doctor will recommend how often you need to take Calpol 650 Plus Tablet  based on your medical condition. In some cases, Calpol 650 Plus Tablet  may cause side effects such as nausea, stomach pain and dark-coloured urine. Most of these side effects of Calpol 650 Plus Tablet  do not require medical attention and gradually resolve over time. However, if the side effects persist or worsen, please consult your doctor.Avoid taking Calpol 650 Plus Tablet  if allergic to it. Calpol 650 Plus Tablet  is not recommended for children below 6 years of age. If you are pregnant or breastfeeding, please consult a physician before using Calpol 650 Plus Tablet . Avoid alcohol consumption with Calpol 650 Plus Tablet  as it may increase the risk of liver damage. If you have an impaired nutritional state caused by anorexia (eating disorder), malnutrition or alcohol abuse or if you are dehydrated, inform your doctor before taking Calpol 650 Plus Tablet .","Calpol 650 Plus Tablet  is used for Fever and pain relief. The detailed uses of Calpol 650 Plus Tablet  are as follows:•Pain Relief: Calpol 650 Plus Tablet  is commonly used to treat mild to moderate pain, including headaches, toothaches, muscle aches, and menstrual cramps. It works by suppressing the brain's production of prostaglandins, which induce pain.•Fever Reduction: Calpol 650 Plus Tablet  effectively reduces fever caused by infections or other conditions. It lowers the body's temperature by working on the hypothalamic heat-regulating area.•Cold and Flu Symptom Relief: Calpol 650 Plus Tablet  is also used to treat cold and flu symptoms such as body pains, fever, and headaches.•Post-Surgery Pain Management: Calpol 650 Plus Tablet  is used to treat post-surgery pain, especially when it is mild to moderate, as an alternative to heavier pain drugs.•Arthritis-related Pain: Calpol 650 Plus Tablet  is used to treat joint pain and discomfort caused by osteoarthritis and rheumatoid arthritis, reducing pain and inflammation.","Swallow it as a whole with a glass of water. It can be taken with or without food anytime. Do not crush, break or chew it.","Calpol 650 Plus Tablet  contains Paracetamol, an analgesic (pain killer) and antipyretic (reduces fever). It inhibits the production of certain chemical messengers in the brain known as prostaglandins, reducing pain. Also, Calpol 650 Plus Tablet  affects an area of the brain that regulates body temperature known as the hypothalamic heat-regulating centre, reducing fever.","Calpol 650 Plus Tablet  works by inhibiting the production of certain chemical messengers in the brain known as prostaglandins, reducing pain. Also, Calpol 650 Plus Tablet  affects an area of the brain that regulates body temperature, known as the hypothalamic heat-regulating centre, reducing fever.","https://images.apollo247.in/pub/media/catalog/product/c/a/cal2958_2-min.jpg, https://images.apollo247.in/pub/media/catalog/product/c/a/cal2958_1.jpg"
Dolo-500 Tablet 15's,15.0,13.5,"['500MG', 'Fever', 'Pain Relief']",16394,DOL0010,https://www.apollopharmacy.in/otc/dolo-500mg-tablet?doNotTrack=true,"Dolo-500 Tablet  belongs to the group of medicines called analgesics (pain killers) and antipyretics (fever-reducing agents) used to reduce fever and treat mild to moderate pain. It is alsoused to relieve headaches, migraine, toothache, period pain, back pain, muscle pain, and rheumatic pain. Pain and fever are caused by the activation of pain receptors due to the release of certain natural chemicals in the body, like prostaglandin.Dolo-500 Tablet  works by inhibiting the production of certain chemical messengers in the brain known as prostaglandins, reducing pain. Also, Dolo-500 Tablet  affects an area of the brain that regulates body temperature, known as the hypothalamic heat-regulating centre, reducing fever.Take Dolo-500 Tablet  as advised by your physician. Your doctor will recommend how often you need to take Dolo-500 Tablet  based on your medical condition. In some cases, Dolo-500 Tablet  may cause side effects such as nausea, stomach pain and dark-coloured urine. Most of these side effects of Dolo-500 Tablet  do not require medical attention and gradually resolve over time. However, if the side effects persist or worsen, please consult your doctor.Avoid taking Dolo-500 Tablet  if allergic to it. Dolo-500 Tablet  is not recommended for children below 6 years of age. If you are pregnant or breastfeeding, please consult a physician before using Dolo-500 Tablet . Avoid alcohol consumption with Dolo-500 Tablet  as it may increase the risk of liver damage. If you have an impaired nutritional state caused by anorexia (eating disorder), malnutrition or alcohol abuse or if you are dehydrated, inform your doctor before taking Dolo-500 Tablet .","Dolo-500 Tablet  is used for Fever and pain relief. The detailed uses of Dolo-500 Tablet  are as follows:•Pain Relief: Dolo-500 Tablet  is commonly used to treat mild to moderate pain, including headaches, toothaches, muscle aches, and menstrual cramps. It works by suppressing the brain's production of prostaglandins, which induce pain.•Fever Reduction: Dolo-500 Tablet  effectively reduces fever caused by infections or other conditions. It lowers the body's temperature by working on the hypothalamic heat-regulating area.•Cold and Flu Symptom Relief: Dolo-500 Tablet  is also used to treat cold and flu symptoms such as body pains, fever, and headaches.•Post-Surgery Pain Management: Dolo-500 Tablet  is used to treat post-surgery pain, especially when it is mild to moderate, as an alternative to heavier pain drugs.•Arthritis-related Pain: Dolo-500 Tablet  is used to treat joint pain and discomfort caused by osteoarthritis and rheumatoid arthritis, reducing pain and inflammation.","Swallow it as a whole with a glass of water. It can be taken with or without food anytime. Do not crush, break or chew it.","Dolo-500 Tablet  contains Paracetamol, an analgesic (pain killer) and antipyretic (reduces fever). It inhibits the production of certain chemical messengers in the brain known as prostaglandins, reducing pain. Also, Dolo-500 Tablet  affects an area of the brain that regulates body temperature known as the hypothalamic heat-regulating centre, reducing fever.","Dolo-500 Tablet  works by inhibiting the production of certain chemical messengers in the brain known as prostaglandins, reducing pain. Also, Dolo-500 Tablet  affects an area of the brain that regulates body temperature, known as the hypothalamic heat-regulating centre, reducing fever.","https://images.apollo247.in/pub/media/catalog/product/D/O/DOL0010_1.jpg, https://images.apollo247.in/pub/media/catalog/product/D/O/DOL0010_2.jpg"
Paracip-650 Tablet 10's,22.5,20.25,"['Paracetamol-650', 'Fever', 'Pain Relief']",26807,PAR0014,https://www.apollopharmacy.in/otc/paracip-650mg-tablet?doNotTrack=true,"Paracip-650 Tablet  belongs to the group of medicines called analgesics (pain killers) and antipyretics (fever-reducing agents) used to reduce fever and treat mild to moderate pain. It is alsoused to relieve headaches, migraine, toothache, period pain, back pain, muscle pain, and rheumatic pain. Pain and fever are caused by the activation of pain receptors due to the release of certain natural chemicals in the body, like prostaglandin.Paracip-650 Tablet  works by inhibiting the production of certain chemical messengers in the brain known as prostaglandins, reducing pain. Also, Paracip-650 Tablet  affects an area of the brain that regulates body temperature, known as the hypothalamic heat-regulating centre, reducing fever.Take Paracip-650 Tablet  as advised by your physician. Your doctor will recommend how often you need to take Paracip-650 Tablet  based on your medical condition. In some cases, Paracip-650 Tablet  may cause side effects such as nausea, stomach pain and dark-coloured urine. Most of these side effects of Paracip-650 Tablet  do not require medical attention and gradually resolve over time. However, if the side effects persist or worsen, please consult your doctor.Avoid taking Paracip-650 Tablet  if allergic to it. Paracip-650 Tablet  is not recommended for children below 6 years of age. If you are pregnant or breastfeeding, please consult a physician before using Paracip-650 Tablet . Avoid alcohol consumption with Paracip-650 Tablet  as it may increase the risk of liver damage. If you have an impaired nutritional state caused by anorexia (eating disorder), malnutrition or alcohol abuse or if you are dehydrated, inform your doctor before taking Paracip-650 Tablet .","Paracip-650 Tablet  is used for Fever and pain relief. The detailed uses of Paracip-650 Tablet  are as follows:•Pain Relief: Paracip-650 Tablet  is commonly used to treat mild to moderate pain, including headaches, toothaches, muscle aches, and menstrual cramps. It works by suppressing the brain's production of prostaglandins, which induce pain.•Fever Reduction: Paracip-650 Tablet  effectively reduces fever caused by infections or other conditions. It lowers the body's temperature by working on the hypothalamic heat-regulating area.•Cold and Flu Symptom Relief: Paracip-650 Tablet  is also used to treat cold and flu symptoms such as body pains, fever, and headaches.•Post-Surgery Pain Management: Paracip-650 Tablet  is used to treat post-surgery pain, especially when it is mild to moderate, as an alternative to heavier pain drugs.•Arthritis-related Pain: Paracip-650 Tablet  is used to treat joint pain and discomfort caused by osteoarthritis and rheumatoid arthritis, reducing pain and inflammation.","Swallow it as a whole with a glass of water. It can be taken with or without food anytime. Do not crush, break or chew it.","Paracip-650 Tablet  contains Paracetamol, an analgesic (pain killer) and antipyretic (reduces fever). It inhibits the production of certain chemical messengers in the brain known as prostaglandins, reducing pain. Also, Paracip-650 Tablet  affects an area of the brain that regulates body temperature known as the hypothalamic heat-regulating centre, reducing fever.","Paracip-650 Tablet  works by inhibiting the production of certain chemical messengers in the brain known as prostaglandins, reducing pain. Also, Paracip-650 Tablet  affects an area of the brain that regulates body temperature, known as the hypothalamic heat-regulating centre, reducing fever.","https://images.apollo247.in/pub/media/catalog/product/P/A/PAR0014_1_1.jpg, https://images.apollo247.in/pub/media/catalog/product/P/A/PAR0014_2_1.jpg"
Crocin 650 Tablet 15's,33.5,30.15,"['650MG', 'Fever', 'Pain Relief']",48737,CRO0023,https://www.apollopharmacy.in/otc/crocin-650mg-tablet?doNotTrack=true,"Crocin 650 Tablet  belongs to the group of medicines called analgesics (pain killers) and antipyretics (fever-reducing agents) used to reduce fever and treat mild to moderate pain. It is alsoused to relieve headaches, migraine, toothache, period pain, back pain, muscle pain, and rheumatic pain. Pain and fever are caused by the activation of pain receptors due to the release of certain natural chemicals in the body, like prostaglandin.Crocin 650 Tablet  works by inhibiting the production of certain chemical messengers in the brain known as prostaglandins, reducing pain. Also, Crocin 650 Tablet  affects an area of the brain that regulates body temperature, known as the hypothalamic heat-regulating centre, reducing fever.Take Crocin 650 Tablet  as advised by your physician. Your doctor will recommend how often you need to take Crocin 650 Tablet  based on your medical condition. In some cases, Crocin 650 Tablet  may cause side effects such as nausea, stomach pain and dark-coloured urine. Most of these side effects of Crocin 650 Tablet  do not require medical attention and gradually resolve over time. However, if the side effects persist or worsen, please consult your doctor.Avoid taking Crocin 650 Tablet  if allergic to it. Crocin 650 Tablet  is not recommended for children below 6 years of age. If you are pregnant or breastfeeding, please consult a physician before using Crocin 650 Tablet . Avoid alcohol consumption with Crocin 650 Tablet  as it may increase the risk of liver damage. If you have an impaired nutritional state caused by anorexia (eating disorder), malnutrition or alcohol abuse or if you are dehydrated, inform your doctor before taking Crocin 650 Tablet .","Crocin 650 Tablet  is used for Fever and pain relief. The detailed uses of Crocin 650 Tablet  are as follows:•Pain Relief: Crocin 650 Tablet  is commonly used to treat mild to moderate pain, including headaches, toothaches, muscle aches, and menstrual cramps. It works by suppressing the brain's production of prostaglandins, which induce pain.•Fever Reduction: Crocin 650 Tablet  effectively reduces fever caused by infections or other conditions. It lowers the body's temperature by working on the hypothalamic heat-regulating area.•Cold and Flu Symptom Relief: Crocin 650 Tablet  is also used to treat cold and flu symptoms such as body pains, fever, and headaches.•Post-Surgery Pain Management: Crocin 650 Tablet  is used to treat post-surgery pain, especially when it is mild to moderate, as an alternative to heavier pain drugs.•Arthritis-related Pain: Crocin 650 Tablet  is used to treat joint pain and discomfort caused by osteoarthritis and rheumatoid arthritis, reducing pain and inflammation.","Swallow it as a whole with a glass of water. It can be taken with or without food anytime. Do not crush, break or chew it.","Crocin 650 Tablet  contains Paracetamol, an analgesic (pain killer) and antipyretic (reduces fever). It inhibits the production of certain chemical messengers in the brain known as prostaglandins, reducing pain. Also, Crocin 650 Tablet  affects an area of the brain that regulates body temperature known as the hypothalamic heat-regulating centre, reducing fever.","Crocin 650 Tablet  works by inhibiting the production of certain chemical messengers in the brain known as prostaglandins, reducing pain. Also, Crocin 650 Tablet  affects an area of the brain that regulates body temperature, known as the hypothalamic heat-regulating centre, reducing fever.","https://images.apollo247.in/pub/media/catalog/product/C/R/CRO0023_1_1.jpg, https://images.apollo247.in/pub/media/catalog/product/C/R/CRO0023_2_1.jpg"
P 650 Tablet 10's,22.5,20.25,"['Fever', 'Pain relief']",26251,P650001,https://www.apollopharmacy.in/otc/p-650mg-tablet?doNotTrack=true,"P 650 Tablet  belongs to the group of medicines called analgesics (pain killers) and antipyretics (fever-reducing agents) used to reduce fever and treat mild to moderate pain. It is alsoused to relieve headaches, migraine, toothache, period pain, back pain, muscle pain, and rheumatic pain. Pain and fever are caused by the activation of pain receptors due to the release of certain natural chemicals in the body, like prostaglandin.P 650 Tablet  works by inhibiting the production of certain chemical messengers in the brain known as prostaglandins, reducing pain. Also, P 650 Tablet  affects an area of the brain that regulates body temperature, known as the hypothalamic heat-regulating centre, reducing fever.Take P 650 Tablet  as advised by your physician. Your doctor will recommend how often you need to take P 650 Tablet  based on your medical condition. In some cases, P 650 Tablet  may cause side effects such as nausea, stomach pain and dark-coloured urine. Most of these side effects of P 650 Tablet  do not require medical attention and gradually resolve over time. However, if the side effects persist or worsen, please consult your doctor.Avoid taking P 650 Tablet  if allergic to it. P 650 Tablet  is not recommended for children below 6 years of age. If you are pregnant or breastfeeding, please consult a physician before using P 650 Tablet . Avoid alcohol consumption with P 650 Tablet  as it may increase the risk of liver damage. If you have an impaired nutritional state caused by anorexia (eating disorder), malnutrition or alcohol abuse or if you are dehydrated, inform your doctor before taking P 650 Tablet .","P 650 Tablet  is used for Fever and pain relief. The detailed uses of P 650 Tablet  are as follows:•Pain Relief: P 650 Tablet  is commonly used to treat mild to moderate pain, including headaches, toothaches, muscle aches, and menstrual cramps. It works by suppressing the brain's production of prostaglandins, which induce pain.•Fever Reduction: P 650 Tablet  effectively reduces fever caused by infections or other conditions. It lowers the body's temperature by working on the hypothalamic heat-regulating area.•Cold and Flu Symptom Relief: P 650 Tablet  is also used to treat cold and flu symptoms such as body pains, fever, and headaches.•Post-Surgery Pain Management: P 650 Tablet  is used to treat post-surgery pain, especially when it is mild to moderate, as an alternative to heavier pain drugs.•Arthritis-related Pain: P 650 Tablet  is used to treat joint pain and discomfort caused by osteoarthritis and rheumatoid arthritis, reducing pain and inflammation.","Swallow it as a whole with a glass of water. It can be taken with or without food anytime. Do not crush, break or chew it.","P 650 Tablet  contains Paracetamol, an analgesic (pain killer) and antipyretic (reduces fever). It inhibits the production of certain chemical messengers in the brain known as prostaglandins, reducing pain. Also, P 650 Tablet  affects an area of the brain that regulates body temperature known as the hypothalamic heat-regulating centre, reducing fever.","P 650 Tablet  works by inhibiting the production of certain chemical messengers in the brain known as prostaglandins, reducing pain. Also, P 650 Tablet  affects an area of the brain that regulates body temperature, known as the hypothalamic heat-regulating centre, reducing fever.","https://images.apollo247.in/pub/media/catalog/product/P/6/P650001_1_1.jpg, https://images.apollo247.in/pub/media/catalog/product/P/6/P650001_2_1.jpg, https://images.apollo247.in/pub/media/catalog/product/P/6/P650001_3_1.jpg, https://images.apollo247.in/pub/media/catalog/product/P/6/P650001_4_1.jpg, https://images.apollo247.in/pub/media/catalog/product/P/6/P650001_5_1.jpg"
P 250 Suspension 60 ml,45.0,40.5,"['Pediatric', 'Fever', 'Pain Relief', 'Syrup']",26238,P250001,https://www.apollopharmacy.in/otc/p-250mg-suspension-60ml?doNotTrack=true,"P 250 Suspension is a non-steroidal anti-inflammatory drug (NSAID) used in relieving pain and fever. Pain can be acute (temporary) or chronic (long-lasting). Acute pain is a short time pain caused by damage to the tissues of the muscle, bone, or other organs. Chronic pain lasts for a long duration and is caused due to pathologies like nerve damage, etc. This medicine helps relieve symptoms of muscle pain and dental pain in children. Fever is a high body temperature followed by shivering, headache, and, in severe cases, delirium.P 250 Suspension contains Paracetamol which belongs to the antipyretic and analgesic class of drugs. Paracetamol works by blocking the production of a chemical messenger (prostaglandin) and encouraging heat loss (through sweating), which helps reset the hypothalamus thermostat.P 250 Suspension may cause certain side effects such as abdominal pain, cold-like symptoms, or diarrhoea. These side effects do not require medical attention and gradually resolve over time. However, if the side effects persist or worsen, please consult your paediatrician. P 250 Suspension should be used as advised by your doctor. Do not give the child more than the prescribed dose of P 250 Suspension. P 250 Suspension can be given with or without food. Your paediatrician will decide the dose of the medicine depending upon the type and severity of the condition.P 250 Suspension is intended for pediatric use only. Avoid giving P 250 Suspension to your child if she/he is allergic to it. Keep your doctor informed about your child’s health condition, medications, and medical history to rule out any side effects/interactions. If your child has liver and kidney disease, inform your doctor before using this medicine. P 250 Suspension is used in babies below two years of age.",Treatment of Pain and Fever,Shake the container well before each use. Measure the required amount of P 250 Suspension and administer it to your baby. It is advised to measure the quantity accurately with the help of a syringe or dropper containing markings.,P 250 Suspension contains Paracetamol as an active ingredient (antipyretic and analgesic). Paracetamol lowers the elevated body temperature and mild pain by inhibiting the synthesis of a chemical messenger (prostaglandin) and promoting heat loss (through sweating) that helps reset the hypothalamic thermostat.,"P 250 Suspension contains Paracetamol which belongs to the antipyretic and analgesic class of drugs. Paracetamol works by blocking the production of a chemical messenger (prostaglandin) and encouraging heat loss (through sweating), which helps reset the hypothalamus thermostat.","https://images.apollo247.in/pub/media/catalog/product/P/2/P250001_1_1.jpg, https://images.apollo247.in/pub/media/catalog/product/P/2/P250001_2_1.jpg, https://images.apollo247.in/pub/media/catalog/product/P/2/P250001_3_1.jpg"
Pacimol 500 Tablet 15's,15.0,13.5,"['Fever', 'Pain relief']",26262,PAC0002,https://www.apollopharmacy.in/otc/pacimol-500mg-tablet?doNotTrack=true,"Pacimol 500 Tablet  belongs to the group of medicines called analgesics (pain killers) and antipyretics (fever-reducing agents) used to reduce fever and treat mild to moderate pain. It is alsoused to relieve headaches, migraine, toothache, period pain, back pain, muscle pain, and rheumatic pain. Pain and fever are caused by the activation of pain receptors due to the release of certain natural chemicals in the body, like prostaglandin.Pacimol 500 Tablet  works by inhibiting the production of certain chemical messengers in the brain known as prostaglandins, reducing pain. Also, Pacimol 500 Tablet  affects an area of the brain that regulates body temperature, known as the hypothalamic heat-regulating centre, reducing fever.Take Pacimol 500 Tablet  as advised by your physician. Your doctor will recommend how often you need to take Pacimol 500 Tablet  based on your medical condition. In some cases, Pacimol 500 Tablet  may cause side effects such as nausea, stomach pain and dark-coloured urine. Most of these side effects of Pacimol 500 Tablet  do not require medical attention and gradually resolve over time. However, if the side effects persist or worsen, please consult your doctor.Avoid taking Pacimol 500 Tablet  if allergic to it. Pacimol 500 Tablet  is not recommended for children below 6 years of age. If you are pregnant or breastfeeding, please consult a physician before using Pacimol 500 Tablet . Avoid alcohol consumption with Pacimol 500 Tablet  as it may increase the risk of liver damage. If you have an impaired nutritional state caused by anorexia (eating disorder), malnutrition or alcohol abuse or if you are dehydrated, inform your doctor before taking Pacimol 500 Tablet .","Pacimol 500 Tablet  is used for Fever and pain relief. The detailed uses of Pacimol 500 Tablet  are as follows:•Pain Relief: Pacimol 500 Tablet  is commonly used to treat mild to moderate pain, including headaches, toothaches, muscle aches, and menstrual cramps. It works by suppressing the brain's production of prostaglandins, which induce pain.•Fever Reduction: Pacimol 500 Tablet  effectively reduces fever caused by infections or other conditions. It lowers the body's temperature by working on the hypothalamic heat-regulating area.•Cold and Flu Symptom Relief: Pacimol 500 Tablet  is also used to treat cold and flu symptoms such as body pains, fever, and headaches.•Post-Surgery Pain Management: Pacimol 500 Tablet  is used to treat post-surgery pain, especially when it is mild to moderate, as an alternative to heavier pain drugs.•Arthritis-related Pain: Pacimol 500 Tablet  is used to treat joint pain and discomfort caused by osteoarthritis and rheumatoid arthritis, reducing pain and inflammation.","Swallow it as a whole with a glass of water. It can be taken with or without food anytime. Do not crush, break or chew it.","Pacimol 500 Tablet  contains Paracetamol, an analgesic (pain killer) and antipyretic (reduces fever). It inhibits the production of certain chemical messengers in the brain known as prostaglandins, reducing pain. Also, Pacimol 500 Tablet  affects an area of the brain that regulates body temperature known as the hypothalamic heat-regulating centre, reducing fever.","Pacimol 500 Tablet  works by inhibiting the production of certain chemical messengers in the brain known as prostaglandins, reducing pain. Also, Pacimol 500 Tablet  affects an area of the brain that regulates body temperature, known as the hypothalamic heat-regulating centre, reducing fever.","https://images.apollo247.in/pub/media/catalog/product/P/A/PAC0002_1_1.jpg, https://images.apollo247.in/pub/media/catalog/product/P/A/PAC0002_2_1.jpg"
P 500 Tablet 15's,15.0,13.5,"['Fever', 'Pain relief']",26250,P500001,https://www.apollopharmacy.in/otc/p-500mg-tablet?doNotTrack=true,"P 500 Tablet  belongs to the group of medicines called analgesics (pain killers) and antipyretics (fever-reducing agents) used to reduce fever and treat mild to moderate pain. It is alsoused to relieve headaches, migraine, toothache, period pain, back pain, muscle pain, and rheumatic pain. Pain and fever are caused by the activation of pain receptors due to the release of certain natural chemicals in the body, like prostaglandin.P 500 Tablet  works by inhibiting the production of certain chemical messengers in the brain known as prostaglandins, reducing pain. Also, P 500 Tablet  affects an area of the brain that regulates body temperature, known as the hypothalamic heat-regulating centre, reducing fever.Take P 500 Tablet  as advised by your physician. Your doctor will recommend how often you need to take P 500 Tablet  based on your medical condition. In some cases, P 500 Tablet  may cause side effects such as nausea, stomach pain and dark-coloured urine. Most of these side effects of P 500 Tablet  do not require medical attention and gradually resolve over time. However, if the side effects persist or worsen, please consult your doctor.Avoid taking P 500 Tablet  if allergic to it. P 500 Tablet  is not recommended for children below 6 years of age. If you are pregnant or breastfeeding, please consult a physician before using P 500 Tablet . Avoid alcohol consumption with P 500 Tablet  as it may increase the risk of liver damage. If you have an impaired nutritional state caused by anorexia (eating disorder), malnutrition or alcohol abuse or if you are dehydrated, inform your doctor before taking P 500 Tablet .","P 500 Tablet  is used for Fever and pain relief. The detailed uses of P 500 Tablet  are as follows:•Pain Relief: P 500 Tablet  is commonly used to treat mild to moderate pain, including headaches, toothaches, muscle aches, and menstrual cramps. It works by suppressing the brain's production of prostaglandins, which induce pain.•Fever Reduction: P 500 Tablet  effectively reduces fever caused by infections or other conditions. It lowers the body's temperature by working on the hypothalamic heat-regulating area.•Cold and Flu Symptom Relief: P 500 Tablet  is also used to treat cold and flu symptoms such as body pains, fever, and headaches.•Post-Surgery Pain Management: P 500 Tablet  is used to treat post-surgery pain, especially when it is mild to moderate, as an alternative to heavier pain drugs.•Arthritis-related Pain: P 500 Tablet  is used to treat joint pain and discomfort caused by osteoarthritis and rheumatoid arthritis, reducing pain and inflammation.","Swallow it as a whole with a glass of water. It can be taken with or without food anytime. Do not crush, break or chew it.","P 500 Tablet  contains Paracetamol, an analgesic (pain killer) and antipyretic (reduces fever). It inhibits the production of certain chemical messengers in the brain known as prostaglandins, reducing pain. Also, P 500 Tablet  affects an area of the brain that regulates body temperature known as the hypothalamic heat-regulating centre, reducing fever.","P 500 Tablet  works by inhibiting the production of certain chemical messengers in the brain known as prostaglandins, reducing pain. Also, P 500 Tablet  affects an area of the brain that regulates body temperature, known as the hypothalamic heat-regulating centre, reducing fever.","https://images.apollo247.in/pub/media/catalog/product/p/5/p500001.jpg, https://images.apollo247.in/pub/media/catalog/product/p/5/p500001_1.jpg, https://images.apollo247.in/pub/media/catalog/product/p/5/p500001_2.jpg, https://images.apollo247.in/pub/media/catalog/product/p/5/p500001_3.jpg, https://images.apollo247.in/pub/media/catalog/product/p/5/p500001_4.jpg"
Calpol 500 Plus Tablet 15's,14.5,13.05,"['500MG', 'Fever', 'Pain Relief']",155601,CAL3068,https://www.apollopharmacy.in/otc/calpol-500-plus-tablet-15-s?doNotTrack=true,"Calpol 500 Plus Tablet  belongs to the group of medicines called analgesics (pain killers) and antipyretics (fever-reducing agents) used to reduce fever and treat mild to moderate pain. It is alsoused to relieve headaches, migraine, toothache, period pain, back pain, muscle pain, and rheumatic pain. Pain and fever are caused by the activation of pain receptors due to the release of certain natural chemicals in the body, like prostaglandin.Calpol 500 Plus Tablet  works by inhibiting the production of certain chemical messengers in the brain known as prostaglandins, reducing pain. Also, Calpol 500 Plus Tablet  affects an area of the brain that regulates body temperature, known as the hypothalamic heat-regulating centre, reducing fever.Take Calpol 500 Plus Tablet  as advised by your physician. Your doctor will recommend how often you need to take Calpol 500 Plus Tablet  based on your medical condition. In some cases, Calpol 500 Plus Tablet  may cause side effects such as nausea, stomach pain and dark-coloured urine. Most of these side effects of Calpol 500 Plus Tablet  do not require medical attention and gradually resolve over time. However, if the side effects persist or worsen, please consult your doctor.Avoid taking Calpol 500 Plus Tablet  if allergic to it. Calpol 500 Plus Tablet  is not recommended for children below 6 years of age. If you are pregnant or breastfeeding, please consult a physician before using Calpol 500 Plus Tablet . Avoid alcohol consumption with Calpol 500 Plus Tablet  as it may increase the risk of liver damage. If you have an impaired nutritional state caused by anorexia (eating disorder), malnutrition or alcohol abuse or if you are dehydrated, inform your doctor before taking Calpol 500 Plus Tablet .","Calpol 500 Plus Tablet  is used for Fever and pain relief. The detailed uses of Calpol 500 Plus Tablet  are as follows:•Pain Relief: Calpol 500 Plus Tablet  is commonly used to treat mild to moderate pain, including headaches, toothaches, muscle aches, and menstrual cramps. It works by suppressing the brain's production of prostaglandins, which induce pain.•Fever Reduction: Calpol 500 Plus Tablet  effectively reduces fever caused by infections or other conditions. It lowers the body's temperature by working on the hypothalamic heat-regulating area.•Cold and Flu Symptom Relief: Calpol 500 Plus Tablet  is also used to treat cold and flu symptoms such as body pains, fever, and headaches.•Post-Surgery Pain Management: Calpol 500 Plus Tablet  is used to treat post-surgery pain, especially when it is mild to moderate, as an alternative to heavier pain drugs.•Arthritis-related Pain: Calpol 500 Plus Tablet  is used to treat joint pain and discomfort caused by osteoarthritis and rheumatoid arthritis, reducing pain and inflammation.","Swallow it as a whole with a glass of water. It can be taken with or without food anytime. Do not crush, break or chew it.","Calpol 500 Plus Tablet  contains Paracetamol, an analgesic (pain killer) and antipyretic (reduces fever). It inhibits the production of certain chemical messengers in the brain known as prostaglandins, reducing pain. Also, Calpol 500 Plus Tablet  affects an area of the brain that regulates body temperature known as the hypothalamic heat-regulating centre, reducing fever.","Calpol 500 Plus Tablet  works by inhibiting the production of certain chemical messengers in the brain known as prostaglandins, reducing pain. Also, Calpol 500 Plus Tablet  affects an area of the brain that regulates body temperature, known as the hypothalamic heat-regulating centre, reducing fever.","https://images.apollo247.in/pub/media/catalog/product/C/A/CAL3068_1.jpg, https://images.apollo247.in/pub/media/catalog/product/C/A/CAL3068_2.jpg"
Pacimol 650 Tablet 15's,33.5,30.15,"['650MG', 'Fever', 'Pain Relief']",26263,PAC0003,https://www.apollopharmacy.in/otc/pacimol-650mg-tablet?doNotTrack=true,"Pacimol 650 Tablet  belongs to the group of medicines called analgesics (pain killers) and antipyretics (fever-reducing agents) used to reduce fever and treat mild to moderate pain. It is alsoused to relieve headaches, migraine, toothache, period pain, back pain, muscle pain, and rheumatic pain. Pain and fever are caused by the activation of pain receptors due to the release of certain natural chemicals in the body, like prostaglandin.Pacimol 650 Tablet  works by inhibiting the production of certain chemical messengers in the brain known as prostaglandins, reducing pain. Also, Pacimol 650 Tablet  affects an area of the brain that regulates body temperature, known as the hypothalamic heat-regulating centre, reducing fever.Take Pacimol 650 Tablet  as advised by your physician. Your doctor will recommend how often you need to take Pacimol 650 Tablet  based on your medical condition. In some cases, Pacimol 650 Tablet  may cause side effects such as nausea, stomach pain and dark-coloured urine. Most of these side effects of Pacimol 650 Tablet  do not require medical attention and gradually resolve over time. However, if the side effects persist or worsen, please consult your doctor.Avoid taking Pacimol 650 Tablet  if allergic to it. Pacimol 650 Tablet  is not recommended for children below 6 years of age. If you are pregnant or breastfeeding, please consult a physician before using Pacimol 650 Tablet . Avoid alcohol consumption with Pacimol 650 Tablet  as it may increase the risk of liver damage. If you have an impaired nutritional state caused by anorexia (eating disorder), malnutrition or alcohol abuse or if you are dehydrated, inform your doctor before taking Pacimol 650 Tablet .","Pacimol 650 Tablet  is used for Fever and pain relief. The detailed uses of Pacimol 650 Tablet  are as follows:•Pain Relief: Pacimol 650 Tablet  is commonly used to treat mild to moderate pain, including headaches, toothaches, muscle aches, and menstrual cramps. It works by suppressing the brain's production of prostaglandins, which induce pain.•Fever Reduction: Pacimol 650 Tablet  effectively reduces fever caused by infections or other conditions. It lowers the body's temperature by working on the hypothalamic heat-regulating area.•Cold and Flu Symptom Relief: Pacimol 650 Tablet  is also used to treat cold and flu symptoms such as body pains, fever, and headaches.•Post-Surgery Pain Management: Pacimol 650 Tablet  is used to treat post-surgery pain, especially when it is mild to moderate, as an alternative to heavier pain drugs.•Arthritis-related Pain: Pacimol 650 Tablet  is used to treat joint pain and discomfort caused by osteoarthritis and rheumatoid arthritis, reducing pain and inflammation.","Swallow it as a whole with a glass of water. It can be taken with or without food anytime. Do not crush, break or chew it.","Pacimol 650 Tablet  contains Paracetamol, an analgesic (pain killer) and antipyretic (reduces fever). It inhibits the production of certain chemical messengers in the brain known as prostaglandins, reducing pain. Also, Pacimol 650 Tablet  affects an area of the brain that regulates body temperature known as the hypothalamic heat-regulating centre, reducing fever.","Pacimol 650 Tablet  works by inhibiting the production of certain chemical messengers in the brain known as prostaglandins, reducing pain. Also, Pacimol 650 Tablet  affects an area of the brain that regulates body temperature, known as the hypothalamic heat-regulating centre, reducing fever.","https://images.apollo247.in/pub/media/catalog/product/P/A/PAC0003_1_1.jpg, https://images.apollo247.in/pub/media/catalog/product/P/A/PAC0003_2_1.jpg"
Calpol 650 mg Tablet 15's,33.5,30.15,"['Fever', 'Pain relief']",11280,CAL0061,https://www.apollopharmacy.in/otc/calpol-650mg-tablet?doNotTrack=true,"Calpol 650 mg Tablet  belongs to the group of medicines called analgesics (pain killers) and antipyretics (fever-reducing agents) used to reduce fever and treat mild to moderate pain. It is alsoused to relieve headaches, migraine, toothache, period pain, back pain, muscle pain, and rheumatic pain. Pain and fever are caused by the activation of pain receptors due to the release of certain natural chemicals in the body, like prostaglandin.Calpol 650 mg Tablet  works by inhibiting the production of certain chemical messengers in the brain known as prostaglandins, reducing pain. Also, Calpol 650 mg Tablet  affects an area of the brain that regulates body temperature, known as the hypothalamic heat-regulating centre, reducing fever.Take Calpol 650 mg Tablet  as advised by your physician. Your doctor will recommend how often you need to take Calpol 650 mg Tablet  based on your medical condition. In some cases, Calpol 650 mg Tablet  may cause side effects such as nausea, stomach pain and dark-coloured urine. Most of these side effects of Calpol 650 mg Tablet  do not require medical attention and gradually resolve over time. However, if the side effects persist or worsen, please consult your doctor.Avoid taking Calpol 650 mg Tablet  if allergic to it. Calpol 650 mg Tablet  is not recommended for children below 6 years of age. If you are pregnant or breastfeeding, please consult a physician before using Calpol 650 mg Tablet . Avoid alcohol consumption with Calpol 650 mg Tablet  as it may increase the risk of liver damage. If you have an impaired nutritional state caused by anorexia (eating disorder), malnutrition or alcohol abuse or if you are dehydrated, inform your doctor before taking Calpol 650 mg Tablet .","Calpol 650 mg Tablet  is used for Fever and pain relief. The detailed uses of Calpol 650 mg Tablet  are as follows:•Pain Relief: Calpol 650 mg Tablet  is commonly used to treat mild to moderate pain, including headaches, toothaches, muscle aches, and menstrual cramps. It works by suppressing the brain's production of prostaglandins, which induce pain.•Fever Reduction: Calpol 650 mg Tablet  effectively reduces fever caused by infections or other conditions. It lowers the body's temperature by working on the hypothalamic heat-regulating area.•Cold and Flu Symptom Relief: Calpol 650 mg Tablet  is also used to treat cold and flu symptoms such as body pains, fever, and headaches.•Post-Surgery Pain Management: Calpol 650 mg Tablet  is used to treat post-surgery pain, especially when it is mild to moderate, as an alternative to heavier pain drugs.•Arthritis-related Pain: Calpol 650 mg Tablet  is used to treat joint pain and discomfort caused by osteoarthritis and rheumatoid arthritis, reducing pain and inflammation.","Swallow it as a whole with a glass of water. It can be taken with or without food anytime. Do not crush, break or chew it.","Calpol 650 mg Tablet  contains Paracetamol, an analgesic (pain killer) and antipyretic (reduces fever). It inhibits the production of certain chemical messengers in the brain known as prostaglandins, reducing pain. Also, Calpol 650 mg Tablet  affects an area of the brain that regulates body temperature known as the hypothalamic heat-regulating centre, reducing fever.","Calpol 650 mg Tablet  works by inhibiting the production of certain chemical messengers in the brain known as prostaglandins, reducing pain. Also, Calpol 650 mg Tablet  affects an area of the brain that regulates body temperature, known as the hypothalamic heat-regulating centre, reducing fever.","https://images.apollo247.in/pub/media/catalog/product/c/a/cal0061_1-jan24.png, https://images.apollo247.in/pub/media/catalog/product/c/a/cal0061_2-jan24.png"
Paracip-500 Tablet 15's,15.0,13.5,"['Fever', 'Pain relief']",76844,PAR0935,https://www.apollopharmacy.in/otc/paracip-500-mg-tablet-15-s?doNotTrack=true,"Paracip-500 mg Tablet  belongs to the group of medicines called analgesics (pain killers) and antipyretics (fever-reducing agents) used to reduce fever and treat mild to moderate pain. It is alsoused to relieve headaches, migraine, toothache, period pain, back pain, muscle pain, and rheumatic pain. Pain and fever are caused by the activation of pain receptors due to the release of certain natural chemicals in the body, like prostaglandin.Paracip-500 mg Tablet  works by inhibiting the production of certain chemical messengers in the brain known as prostaglandins, reducing pain. Also, Paracip-500 mg Tablet  affects an area of the brain that regulates body temperature, known as the hypothalamic heat-regulating centre, reducing fever.Take Paracip-500 mg Tablet  as advised by your physician. Your doctor will recommend how often you need to take Paracip-500 mg Tablet  based on your medical condition. In some cases, Paracip-500 mg Tablet  may cause side effects such as nausea, stomach pain and dark-coloured urine. Most of these side effects of Paracip-500 mg Tablet  do not require medical attention and gradually resolve over time. However, if the side effects persist or worsen, please consult your doctor.Avoid taking Paracip-500 mg Tablet  if allergic to it. Paracip-500 mg Tablet  is not recommended for children below 6 years of age. If you are pregnant or breastfeeding, please consult a physician before using Paracip-500 mg Tablet . Avoid alcohol consumption with Paracip-500 mg Tablet  as it may increase the risk of liver damage. If you have an impaired nutritional state caused by anorexia (eating disorder), malnutrition or alcohol abuse or if you are dehydrated, inform your doctor before taking Paracip-500 mg Tablet .","Paracip-500 mg Tablet  is used for Fever and pain relief. The detailed uses of Paracip-500 mg Tablet  are as follows:•Pain Relief: Paracip-500 mg Tablet  is commonly used to treat mild to moderate pain, including headaches, toothaches, muscle aches, and menstrual cramps. It works by suppressing the brain's production of prostaglandins, which induce pain.•Fever Reduction: Paracip-500 mg Tablet  effectively reduces fever caused by infections or other conditions. It lowers the body's temperature by working on the hypothalamic heat-regulating area.•Cold and Flu Symptom Relief: Paracip-500 mg Tablet  is also used to treat cold and flu symptoms such as body pains, fever, and headaches.•Post-Surgery Pain Management: Paracip-500 mg Tablet  is used to treat post-surgery pain, especially when it is mild to moderate, as an alternative to heavier pain drugs.•Arthritis-related Pain: Paracip-500 mg Tablet  is used to treat joint pain and discomfort caused by osteoarthritis and rheumatoid arthritis, reducing pain and inflammation.","Swallow it as a whole with a glass of water. It can be taken with or without food anytime. Do not crush, break or chew it.","Paracip-500 mg Tablet  contains Paracetamol, an analgesic (pain killer) and antipyretic (reduces fever). It inhibits the production of certain chemical messengers in the brain known as prostaglandins, reducing pain. Also, Paracip-500 mg Tablet  affects an area of the brain that regulates body temperature known as the hypothalamic heat-regulating centre, reducing fever.","Paracip-500 mg Tablet  works by inhibiting the production of certain chemical messengers in the brain known as prostaglandins, reducing pain. Also, Paracip-500 mg Tablet  affects an area of the brain that regulates body temperature, known as the hypothalamic heat-regulating centre, reducing fever.",https://images.apollo247.in/pub/media/catalog/product/t/a/tablet.jpg
P-100 Drops 15 ml,30.0,27.0,"['Fever', 'Pain relief']",92289,P100001,https://www.apollopharmacy.in/otc/p-100-drops-15-ml?doNotTrack=true,"P-100 Drops is a non-steroidal anti-inflammatory drug (NSAID) used in relieving pain and fever. Pain can be acute (temporary) or chronic (long-lasting). Acute pain is a short time pain caused by damage to the tissues of the muscle, bone, or other organs. Chronic pain lasts for a long duration and is caused due to pathologies like nerve damage, etc. This medicine helps relieve symptoms of muscle pain and dental pain in children. Fever is a high body temperature followed by shivering, headache, and, in severe cases, delirium.P-100 Drops contains Paracetamol which belongs to the antipyretic and analgesic class of drugs. Paracetamol works by blocking the production of a chemical messenger (prostaglandin) and encouraging heat loss (through sweating), which helps reset the hypothalamus thermostat.P-100 Drops may cause certain side effects such as abdominal pain, cold-like symptoms, or diarrhoea. These side effects do not require medical attention and gradually resolve over time. However, if the side effects persist or worsen, please consult your paediatrician. P-100 Drops should be used as advised by your doctor. Do not give the child more than the prescribed dose of P-100 Drops. P-100 Drops can be given with or without food. Your paediatrician will decide the dose of the medicine depending upon the type and severity of the condition.P-100 Drops is intended for pediatric use only. Avoid giving P-100 Drops to your child if she/he is allergic to it. Keep your doctor informed about your child’s health condition, medications, and medical history to rule out any side effects/interactions. If your child has liver and kidney disease, inform your doctor before using this medicine. P-100 Drops is used in babies below two years of age.",Treatment of Pain and Fever,Shake the container well before each use. Measure the required amount of P-100 Drops and administer it to your baby. It is advised to measure the quantity accurately with the help of a syringe or dropper containing markings.,P-100 Drops contains Paracetamol as an active ingredient (antipyretic and analgesic). Paracetamol lowers the elevated body temperature and mild pain by inhibiting the synthesis of a chemical messenger (prostaglandin) and promoting heat loss (through sweating) that helps reset the hypothalamic thermostat.,"P-100 Drops contains Paracetamol which belongs to the antipyretic and analgesic class of drugs. Paracetamol works by blocking the production of a chemical messenger (prostaglandin) and encouraging heat loss (through sweating), which helps reset the hypothalamus thermostat.","https://images.apollo247.in/pub/media/catalog/product/P/1/P100001_1_2.jpg, https://images.apollo247.in/pub/media/catalog/product/P/1/P100001_2_2.jpg, https://images.apollo247.in/pub/media/catalog/product/P/1/P100001_3_2.jpg"
Saridon Head & Body Tablet 10's,46.5,46.5,,173743,SAR0237,https://www.apollopharmacy.in/otc/saridon-head-body-tablet-10-s?doNotTrack=true,N/A,N/A,N/A,N/A,N/A,"https://images.apollo247.in/pub/media/catalog/product/s/a/sar0237_1.jpg, https://images.apollo247.in/pub/media/catalog/product/s/a/sar0237_2.jpg, https://images.apollo247.in/pub/media/catalog/product/s/a/sar0237_3.jpg, https://images.apollo247.in/pub/media/catalog/product/s/a/sar0237_4.jpg, https://images.apollo247.in/pub/media/catalog/product/s/a/sar0237_6.jpg, https://images.apollo247.in/pub/media/catalog/product/s/a/sar0237_5.jpg"
Calpol Pediatric Drops 15 ml,30.0,27.0,"['100MG', 'Pediatric', 'Fever', 'Pain Relief', 'Drops']",11277,CAL0058,https://www.apollopharmacy.in/otc/calpol-pediatric-drops-15ml?doNotTrack=true,"Calpol Pediatric Drops is a non-steroidal anti-inflammatory drug (NSAID) used in relieving pain and fever. Pain can be acute (temporary) or chronic (long-lasting). Acute pain is a short time pain caused by damage to the tissues of the muscle, bone, or other organs. Chronic pain lasts for a long duration and is caused due to pathologies like nerve damage, etc. This medicine helps relieve symptoms of muscle pain and dental pain in children. Fever is a high body temperature followed by shivering, headache, and, in severe cases, delirium.Calpol Pediatric Drops contains Paracetamol which belongs to the antipyretic and analgesic class of drugs. Paracetamol works by blocking the production of a chemical messenger (prostaglandin) and encouraging heat loss (through sweating), which helps reset the hypothalamus thermostat.Calpol Pediatric Drops may cause certain side effects such as abdominal pain, cold-like symptoms, or diarrhoea. These side effects do not require medical attention and gradually resolve over time. However, if the side effects persist or worsen, please consult your paediatrician. Calpol Pediatric Drops should be used as advised by your doctor. Do not give the child more than the prescribed dose of Calpol Pediatric Drops. Calpol Pediatric Drops can be given with or without food. Your paediatrician will decide the dose of the medicine depending upon the type and severity of the condition.Calpol Pediatric Drops is intended for pediatric use only. Avoid giving Calpol Pediatric Drops to your child if she/he is allergic to it. Keep your doctor informed about your child’s health condition, medications, and medical history to rule out any side effects/interactions. If your child has liver and kidney disease, inform your doctor before using this medicine. Calpol Pediatric Drops is used in babies below two years of age.",Treatment of Pain and Fever,Shake the container well before each use. Measure the required amount of Calpol Pediatric Drops and administer it to your baby. It is advised to measure the quantity accurately with the help of a syringe or dropper containing markings.,Calpol Pediatric Drops contains Paracetamol as an active ingredient (antipyretic and analgesic). Paracetamol lowers the elevated body temperature and mild pain by inhibiting the synthesis of a chemical messenger (prostaglandin) and promoting heat loss (through sweating) that helps reset the hypothalamic thermostat.,"Calpol Pediatric Drops contains Paracetamol which belongs to the antipyretic and analgesic class of drugs. Paracetamol works by blocking the production of a chemical messenger (prostaglandin) and encouraging heat loss (through sweating), which helps reset the hypothalamus thermostat.","https://images.apollo247.in/pub/media/catalog/product/C/A/CAL0058_1.jpg, https://images.apollo247.in/pub/media/catalog/product/C/A/CAL0058_2.jpg, https://images.apollo247.in/pub/media/catalog/product/C/A/CAL0058_3.jpg, https://images.apollo247.in/pub/media/catalog/product/C/A/CAL0058_4.jpg, https://images.apollo247.in/pub/media/catalog/product/C/A/CAL0058_5.jpg, https://images.apollo247.in/pub/media/catalog/product/C/A/CAL0058_6.jpg, https://images.apollo247.in/pub/media/catalog/product/C/A/CAL0058_7.jpg"
Crocin Pain Relief Tablet 15's,79.5,71.55,['Pain Relief'],48732,CRO0007,https://www.apollopharmacy.in/otc/crocin-pain-relief-tablet?doNotTrack=true,"Crocin Pain Relief Tablet  is used to treat mild to moderate pain, including headache, backache, migraine, rheumatic and muscle pain, toothache and period pain. On the other hand, it also relieves discomfort in colds, influenza, and sore throats and helps reduce temperature. Pain is caused by the activation of pain receptors due to the release of certain chemicals or enzymes.Crocin Pain Relief Tablet  contains paracetamol (acetaminophen) and caffeine. Paracetamol inhibits the release of these enzymes and alleviates pain. Caffeine increases the efficacy of paracetamol by improving its absorption, thereby prolonging analgesic action. Paracetamol also has an antipyretic effect and can reduce body temperature in cases of fever.Use Crocin Pain Relief Tablet  as directed by the physician only. The dose and duration of the medication depend on your condition and its severity. The common side effects of Crocin Pain Relief Tablet  include agitation, nervousness, and insomnia. Everyone need not experience the above side effects as they vary for each person depending on their health, underlying conditions, age, weight, and gender. In case of any discomfort, speak with a doctor.Do not take Crocin Pain Relief Tablet  if you're allergic to any ingredient in it. Crocin Pain Relief Tablet  is not recommended for use during pregnancy or breastfeeding. Ask your healthcare professional for advice if you have any concerns. Do not use Crocin Pain Relief Tablet  in more than prescribed doses or for a longer duration as it may cause adverse effects. Before taking the Crocin Pain Relief Tablet , notify your doctor about your current health situation and other medications you are taking to rule out any potential negative effects. Crocin Pain Relief Tablet  is not recommended in children below 12 years of age. Avoid alcohol consumption with Crocin Pain Relief Tablet  as it may increase the risk of liver damage.",Treatment of Pain relief,"Swallow it as a whole with water; do not crush, break or chew it.","Crocin Pain Relief Tablet  is a combination medication containing paracetamol (acetaminophen) and caffeine. Crocin Pain Relief Tablet  effectively treats mild to moderate pain, including headache, backache, migraine, rheumatic and muscle pain, toothache and period pain. On the other hand, it also relieves discomfort in colds, influenza, and sore throats and helps reduce temperature. Paracetamol inhibits the release of these enzymes and alleviates pain. Caffeine increases the efficacy of paracetamol by improving its absorption, thereby prolonging analgesic action. Paracetamol also has an antipyretic effect and can reduce body temperature in cases of fever.","Crocin Pain Relief Tablet  contains paracetamol (acetaminophen) and caffeine. Paracetamol inhibits the release of these enzymes and alleviates pain. Caffeine increases the efficacy of paracetamol by improving its absorption, thereby prolonging analgesic action. Paracetamol also has an antipyretic effect and can reduce body temperature in cases of fever.","https://images.apollo247.in/pub/media/catalog/product/c/r/cro0007_1.jpg, https://images.apollo247.in/pub/media/catalog/product/c/r/cro0007_2.jpg, https://images.apollo247.in/pub/media/catalog/product/c/r/cro0007_3.jpg"
Pyrigesic 1000 mg Tablet 10's,40.0,36.0,"['Fever', 'Pain relief']",35832,PYR0027,https://www.apollopharmacy.in/otc/pyrigesic-1000mg-tablet?doNotTrack=true,"Pyrigesic 1000 mg Tablet  belongs to the group of medicines called analgesics (pain killers) and antipyretics (fever-reducing agents) used to reduce fever and treat mild to moderate pain. It is alsoused to relieve headaches, migraine, toothache, period pain, back pain, muscle pain, and rheumatic pain. Pain and fever are caused by the activation of pain receptors due to the release of certain natural chemicals in the body, like prostaglandin.Pyrigesic 1000 mg Tablet  works by inhibiting the production of certain chemical messengers in the brain known as prostaglandins, reducing pain. Also, Pyrigesic 1000 mg Tablet  affects an area of the brain that regulates body temperature, known as the hypothalamic heat-regulating centre, reducing fever.Take Pyrigesic 1000 mg Tablet  as advised by your physician. Your doctor will recommend how often you need to take Pyrigesic 1000 mg Tablet  based on your medical condition. In some cases, Pyrigesic 1000 mg Tablet  may cause side effects such as nausea, stomach pain and dark-coloured urine. Most of these side effects of Pyrigesic 1000 mg Tablet  do not require medical attention and gradually resolve over time. However, if the side effects persist or worsen, please consult your doctor.Avoid taking Pyrigesic 1000 mg Tablet  if allergic to it. Pyrigesic 1000 mg Tablet  is not recommended for children below 6 years of age. If you are pregnant or breastfeeding, please consult a physician before using Pyrigesic 1000 mg Tablet . Avoid alcohol consumption with Pyrigesic 1000 mg Tablet  as it may increase the risk of liver damage. If you have an impaired nutritional state caused by anorexia (eating disorder), malnutrition or alcohol abuse or if you are dehydrated, inform your doctor before taking Pyrigesic 1000 mg Tablet .","Pyrigesic 1000 mg Tablet  is used for Fever and pain relief. The detailed uses of Pyrigesic 1000 mg Tablet  are as follows:•Pain Relief: Pyrigesic 1000 mg Tablet  is commonly used to treat mild to moderate pain, including headaches, toothaches, muscle aches, and menstrual cramps. It works by suppressing the brain's production of prostaglandins, which induce pain.•Fever Reduction: Pyrigesic 1000 mg Tablet  effectively reduces fever caused by infections or other conditions. It lowers the body's temperature by working on the hypothalamic heat-regulating area.•Cold and Flu Symptom Relief: Pyrigesic 1000 mg Tablet  is also used to treat cold and flu symptoms such as body pains, fever, and headaches.•Post-Surgery Pain Management: Pyrigesic 1000 mg Tablet  is used to treat post-surgery pain, especially when it is mild to moderate, as an alternative to heavier pain drugs.•Arthritis-related Pain: Pyrigesic 1000 mg Tablet  is used to treat joint pain and discomfort caused by osteoarthritis and rheumatoid arthritis, reducing pain and inflammation.","Swallow it as a whole with a glass of water. It can be taken with or without food anytime. Do not crush, break or chew it.","Pyrigesic 1000 mg Tablet  contains Paracetamol, an analgesic (pain killer) and antipyretic (reduces fever). It inhibits the production of certain chemical messengers in the brain known as prostaglandins, reducing pain. Also, Pyrigesic 1000 mg Tablet  affects an area of the brain that regulates body temperature known as the hypothalamic heat-regulating centre, reducing fever.","Pyrigesic 1000 mg Tablet  works by inhibiting the production of certain chemical messengers in the brain known as prostaglandins, reducing pain. Also, Pyrigesic 1000 mg Tablet  affects an area of the brain that regulates body temperature, known as the hypothalamic heat-regulating centre, reducing fever.","https://images.apollo247.in/pub/media/catalog/product/P/Y/PYR0027_1_1.jpg, https://images.apollo247.in/pub/media/catalog/product/P/Y/PYR0027_2_1.jpg, https://images.apollo247.in/pub/media/catalog/product/P/Y/PYR0027_3_1.jpg"
P-120 Paediatric Suspension 60 ml,40.5,36.45,"['Fever', 'Pain relief']",55959,P120005,https://www.apollopharmacy.in/otc/p-120-paediatric-suspension-60ml?doNotTrack=true,"P-120 Paediatric Suspension is a non-steroidal anti-inflammatory drug (NSAID) used in relieving pain and fever. Pain can be acute (temporary) or chronic (long-lasting). Acute pain is a short time pain caused by damage to the tissues of the muscle, bone, or other organs. Chronic pain lasts for a long duration and is caused due to pathologies like nerve damage, etc. This medicine helps relieve symptoms of muscle pain and dental pain in children. Fever is a high body temperature followed by shivering, headache, and, in severe cases, delirium.P-120 Paediatric Suspension contains Paracetamol which belongs to the antipyretic and analgesic class of drugs. Paracetamol works by blocking the production of a chemical messenger (prostaglandin) and encouraging heat loss (through sweating), which helps reset the hypothalamus thermostat.P-120 Paediatric Suspension may cause certain side effects such as abdominal pain, cold-like symptoms, or diarrhoea. These side effects do not require medical attention and gradually resolve over time. However, if the side effects persist or worsen, please consult your paediatrician. P-120 Paediatric Suspension should be used as advised by your doctor. Do not give the child more than the prescribed dose of P-120 Paediatric Suspension. P-120 Paediatric Suspension can be given with or without food. Your paediatrician will decide the dose of the medicine depending upon the type and severity of the condition.P-120 Paediatric Suspension is intended for pediatric use only. Avoid giving P-120 Paediatric Suspension to your child if she/he is allergic to it. Keep your doctor informed about your child’s health condition, medications, and medical history to rule out any side effects/interactions. If your child has liver and kidney disease, inform your doctor before using this medicine. P-120 Paediatric Suspension is used in babies below two years of age.",Treatment of Pain and Fever,Shake the container well before each use. Measure the required amount of P-120 Paediatric Suspension and administer it to your baby. It is advised to measure the quantity accurately with the help of a syringe or dropper containing markings.,P-120 Paediatric Suspension contains Paracetamol as an active ingredient (antipyretic and analgesic). Paracetamol lowers the elevated body temperature and mild pain by inhibiting the synthesis of a chemical messenger (prostaglandin) and promoting heat loss (through sweating) that helps reset the hypothalamic thermostat.,"P-120 Paediatric Suspension contains Paracetamol which belongs to the antipyretic and analgesic class of drugs. Paracetamol works by blocking the production of a chemical messenger (prostaglandin) and encouraging heat loss (through sweating), which helps reset the hypothalamus thermostat.","https://images.apollo247.in/pub/media/catalog/product/p/1/p120005_3.jpg, https://images.apollo247.in/pub/media/catalog/product/p/1/p120005_1_1.jpg, https://images.apollo247.in/pub/media/catalog/product/p/1/p120005_1.jpg, https://images.apollo247.in/pub/media/catalog/product/p/1/p120005_2.jpg"
Crocin 240 DS Mixed Fruit Suspension 100 ml,115.5,103.95,"['240MG', 'Pediatric', 'Syrup', 'Fever', 'Pain Relief']",92196,CRO0168,https://www.apollopharmacy.in/otc/crocin-240-ds-mixed-fruit-suspension-100-ml?doNotTrack=true,"Crocin 240 DS Mixed Fruit Suspension  is a non-steroidal anti-inflammatory drug (NSAID) used in relieving pain and fever. Pain can be acute (temporary) or chronic (long-lasting). Acute pain is a short time pain caused by damage to the tissues of the muscle, bone, or other organs. Chronic pain lasts for a long duration and is caused due to pathologies like nerve damage, etc. This medicine helps relieve symptoms of muscle pain and dental pain in children. Fever is a high body temperature followed by shivering, headache, and, in severe cases, delirium.Crocin 240 DS Mixed Fruit Suspension  contains Paracetamol which belongs to the antipyretic and analgesic class of drugs. Paracetamol works by blocking the production of a chemical messenger (prostaglandin) and encouraging heat loss (through sweating), which helps reset the hypothalamus thermostat.Crocin 240 DS Mixed Fruit Suspension  may cause certain side effects such as abdominal pain, cold-like symptoms, or diarrhoea. These side effects do not require medical attention and gradually resolve over time. However, if the side effects persist or worsen, please consult your paediatrician. Crocin 240 DS Mixed Fruit Suspension  should be used as advised by your doctor. Do not give the child more than the prescribed dose of Crocin 240 DS Mixed Fruit Suspension . Crocin 240 DS Mixed Fruit Suspension  can be given with or without food. Your paediatrician will decide the dose of the medicine depending upon the type and severity of the condition.Crocin 240 DS Mixed Fruit Suspension  is intended for pediatric use only. Avoid giving Crocin 240 DS Mixed Fruit Suspension  to your child if she/he is allergic to it. Keep your doctor informed about your child’s health condition, medications, and medical history to rule out any side effects/interactions. If your child has liver and kidney disease, inform your doctor before using this medicine. Crocin 240 DS Mixed Fruit Suspension  is used in babies below two years of age.",Treatment of Pain and Fever,Shake the container well before each use. Measure the required amount of Crocin 240 DS Mixed Fruit Suspension  and administer it to your baby. It is advised to measure the quantity accurately with the help of a syringe or dropper containing markings.,Crocin 240 DS Mixed Fruit Suspension  contains Paracetamol as an active ingredient (antipyretic and analgesic). Paracetamol lowers the elevated body temperature and mild pain by inhibiting the synthesis of a chemical messenger (prostaglandin) and promoting heat loss (through sweating) that helps reset the hypothalamic thermostat.,"Crocin 240 DS Mixed Fruit Suspension  contains Paracetamol which belongs to the antipyretic and analgesic class of drugs. Paracetamol works by blocking the production of a chemical messenger (prostaglandin) and encouraging heat loss (through sweating), which helps reset the hypothalamus thermostat.","https://images.apollo247.in/pub/media/catalog/product/c/r/cro0168_1.jpg, https://images.apollo247.in/pub/media/catalog/product/c/r/cro0168_3.jpg, https://images.apollo247.in/pub/media/catalog/product/c/r/cro0168_4.jpg, https://images.apollo247.in/pub/media/catalog/product/c/r/cro0168_5.jpg"
Dolo 250 Suspension 60 ml,45.0,40.5,"['Fever', 'Pain relief']",16463,DOL0193,https://www.apollopharmacy.in/otc/dolo-250mg-syrup?doNotTrack=true,"Dolo 250 Suspension is a non-steroidal anti-inflammatory drug (NSAID) used in relieving pain and fever. Pain can be acute (temporary) or chronic (long-lasting). Acute pain is a short time pain caused by damage to the tissues of the muscle, bone, or other organs. Chronic pain lasts for a long duration and is caused due to pathologies like nerve damage, etc. This medicine helps relieve symptoms of muscle pain and dental pain in children. Fever is a high body temperature followed by shivering, headache, and, in severe cases, delirium.Dolo 250 Suspension contains Paracetamol which belongs to the antipyretic and analgesic class of drugs. Paracetamol works by blocking the production of a chemical messenger (prostaglandin) and encouraging heat loss (through sweating), which helps reset the hypothalamus thermostat.Dolo 250 Suspension may cause certain side effects such as abdominal pain, cold-like symptoms, or diarrhoea. These side effects do not require medical attention and gradually resolve over time. However, if the side effects persist or worsen, please consult your paediatrician. Dolo 250 Suspension should be used as advised by your doctor. Do not give the child more than the prescribed dose of Dolo 250 Suspension. Dolo 250 Suspension can be given with or without food. Your paediatrician will decide the dose of the medicine depending upon the type and severity of the condition.Dolo 250 Suspension is intended for pediatric use only. Avoid giving Dolo 250 Suspension to your child if she/he is allergic to it. Keep your doctor informed about your child’s health condition, medications, and medical history to rule out any side effects/interactions. If your child has liver and kidney disease, inform your doctor before using this medicine. Dolo 250 Suspension is used in babies below two years of age.",Treatment of Pain and Fever,Shake the container well before each use. Measure the required amount of Dolo 250 Suspension and administer it to your baby. It is advised to measure the quantity accurately with the help of a syringe or dropper containing markings.,Dolo 250 Suspension contains Paracetamol as an active ingredient (antipyretic and analgesic). Paracetamol lowers the elevated body temperature and mild pain by inhibiting the synthesis of a chemical messenger (prostaglandin) and promoting heat loss (through sweating) that helps reset the hypothalamic thermostat.,"Dolo 250 Suspension contains Paracetamol which belongs to the antipyretic and analgesic class of drugs. Paracetamol works by blocking the production of a chemical messenger (prostaglandin) and encouraging heat loss (through sweating), which helps reset the hypothalamus thermostat.","https://images.apollo247.in/pub/media/catalog/product/D/O/DOL0193_2_1.jpg, https://images.apollo247.in/pub/media/catalog/product/D/O/DOL0193_1_1.jpg, https://images.apollo247.in/pub/media/catalog/product/D/O/DOL0193_3_1.jpg"
Calpol-250 mg Oral Suspension 60 ml,45.0,40.5,"['250MG', 'Pediatric', 'Fever', 'Pain Relief', 'Syrup']",11278,CAL0059,https://www.apollopharmacy.in/otc/calpol-250mg-oral-suspension-60ml?doNotTrack=true,"Calpol-250 mg Oral Suspension is a non-steroidal anti-inflammatory drug (NSAID) used in relieving pain and fever. Pain can be acute (temporary) or chronic (long-lasting). Acute pain is a short time pain caused by damage to the tissues of the muscle, bone, or other organs. Chronic pain lasts for a long duration and is caused due to pathologies like nerve damage, etc. This medicine helps relieve symptoms of muscle pain and dental pain in children. Fever is a high body temperature followed by shivering, headache, and, in severe cases, delirium.Calpol-250 mg Oral Suspension contains Paracetamol which belongs to the antipyretic and analgesic class of drugs. Paracetamol works by blocking the production of a chemical messenger (prostaglandin) and encouraging heat loss (through sweating), which helps reset the hypothalamus thermostat.Calpol-250 mg Oral Suspension may cause certain side effects such as abdominal pain, cold-like symptoms, or diarrhoea. These side effects do not require medical attention and gradually resolve over time. However, if the side effects persist or worsen, please consult your paediatrician. Calpol-250 mg Oral Suspension should be used as advised by your doctor. Do not give the child more than the prescribed dose of Calpol-250 mg Oral Suspension. Calpol-250 mg Oral Suspension can be given with or without food. Your paediatrician will decide the dose of the medicine depending upon the type and severity of the condition.Calpol-250 mg Oral Suspension is intended for pediatric use only. Avoid giving Calpol-250 mg Oral Suspension to your child if she/he is allergic to it. Keep your doctor informed about your child’s health condition, medications, and medical history to rule out any side effects/interactions. If your child has liver and kidney disease, inform your doctor before using this medicine. Calpol-250 mg Oral Suspension is used in babies below two years of age.",Treatment of Pain and Fever,Shake the container well before each use. Measure the required amount of Calpol-250 mg Oral Suspension and administer it to your baby. It is advised to measure the quantity accurately with the help of a syringe or dropper containing markings.,Calpol-250 mg Oral Suspension contains Paracetamol as an active ingredient (antipyretic and analgesic). Paracetamol lowers the elevated body temperature and mild pain by inhibiting the synthesis of a chemical messenger (prostaglandin) and promoting heat loss (through sweating) that helps reset the hypothalamic thermostat.,"Calpol-250 mg Oral Suspension contains Paracetamol which belongs to the antipyretic and analgesic class of drugs. Paracetamol works by blocking the production of a chemical messenger (prostaglandin) and encouraging heat loss (through sweating), which helps reset the hypothalamus thermostat.","https://images.apollo247.in/pub/media/catalog/product/C/A/CAL0059_1_1.jpg, https://images.apollo247.in/pub/media/catalog/product/C/A/CAL0059_2_1.jpg, https://images.apollo247.in/pub/media/catalog/product/C/A/CAL0059_3_1.jpg"
P-500 Suspension 60 ml,47.5,42.75,"['Fever', 'Pain relief']",53556,P500002,https://www.apollopharmacy.in/otc/p-500mg-suspension-60ml?doNotTrack=true,"P-500 Suspension is a non-steroidal anti-inflammatory drug (NSAID) used in relieving pain and fever. Pain can be acute (temporary) or chronic (long-lasting). Acute pain is a short time pain caused by damage to the tissues of the muscle, bone, or other organs. Chronic pain lasts for a long duration and is caused due to pathologies like nerve damage, etc. This medicine helps relieve symptoms of muscle pain and dental pain in children. Fever is a high body temperature followed by shivering, headache, and, in severe cases, delirium.P-500 Suspension contains Paracetamol which belongs to the antipyretic and analgesic class of drugs. Paracetamol works by blocking the production of a chemical messenger (prostaglandin) and encouraging heat loss (through sweating), which helps reset the hypothalamus thermostat.P-500 Suspension may cause certain side effects such as abdominal pain, cold-like symptoms, or diarrhoea. These side effects do not require medical attention and gradually resolve over time. However, if the side effects persist or worsen, please consult your paediatrician. P-500 Suspension should be used as advised by your doctor. Do not give the child more than the prescribed dose of P-500 Suspension. P-500 Suspension can be given with or without food. Your paediatrician will decide the dose of the medicine depending upon the type and severity of the condition.P-500 Suspension is intended for pediatric use only. Avoid giving P-500 Suspension to your child if she/he is allergic to it. Keep your doctor informed about your child’s health condition, medications, and medical history to rule out any side effects/interactions. If your child has liver and kidney disease, inform your doctor before using this medicine. P-500 Suspension is used in babies below two years of age.",Treatment of Pain and Fever,Shake the container well before each use. Measure the required amount of P-500 Suspension and administer it to your baby. It is advised to measure the quantity accurately with the help of a syringe or dropper containing markings.,P-500 Suspension contains Paracetamol as an active ingredient (antipyretic and analgesic). Paracetamol lowers the elevated body temperature and mild pain by inhibiting the synthesis of a chemical messenger (prostaglandin) and promoting heat loss (through sweating) that helps reset the hypothalamic thermostat.,"P-500 Suspension contains Paracetamol which belongs to the antipyretic and analgesic class of drugs. Paracetamol works by blocking the production of a chemical messenger (prostaglandin) and encouraging heat loss (through sweating), which helps reset the hypothalamus thermostat.","https://images.apollo247.in/pub/media/catalog/product/p/5/p500002.jpg, https://images.apollo247.in/pub/media/catalog/product/p/5/p500002_1.jpg, https://images.apollo247.in/pub/media/catalog/product/p/5/p500002_2.jpg"
Paracip Syrup 60 ml,24.5,22.05,"['Fever', 'Pain relief']",26835,PAR0107,https://www.apollopharmacy.in/otc/paracip-syrup-60ml?doNotTrack=true,"Paracip Syrup is a non-steroidal anti-inflammatory drug (NSAID) used in relieving pain and fever. Pain can be acute (temporary) or chronic (long-lasting). Acute pain is a short time pain caused by damage to the tissues of the muscle, bone, or other organs. Chronic pain lasts for a long duration and is caused due to pathologies like nerve damage, etc. This medicine helps relieve symptoms of muscle pain and dental pain in children. Fever is a high body temperature followed by shivering, headache, and, in severe cases, delirium.Paracip Syrup contains Paracetamol which belongs to the antipyretic and analgesic class of drugs. Paracetamol works by blocking the production of a chemical messenger (prostaglandin) and encouraging heat loss (through sweating), which helps reset the hypothalamus thermostat.Paracip Syrup may cause certain side effects such as abdominal pain, cold-like symptoms, or diarrhoea. These side effects do not require medical attention and gradually resolve over time. However, if the side effects persist or worsen, please consult your paediatrician. Paracip Syrup should be used as advised by your doctor. Do not give the child more than the prescribed dose of Paracip Syrup. Paracip Syrup can be given with or without food. Your paediatrician will decide the dose of the medicine depending upon the type and severity of the condition.Paracip Syrup is intended for pediatric use only. Avoid giving Paracip Syrup to your child if she/he is allergic to it. Keep your doctor informed about your child’s health condition, medications, and medical history to rule out any side effects/interactions. If your child has liver and kidney disease, inform your doctor before using this medicine. Paracip Syrup is used in babies below two years of age.",Treatment of Pain and Fever,Shake the container well before each use. Measure the required amount of Paracip Syrup and administer it to your baby. It is advised to measure the quantity accurately with the help of a syringe or dropper containing markings.,Paracip Syrup contains Paracetamol as an active ingredient (antipyretic and analgesic). Paracetamol lowers the elevated body temperature and mild pain by inhibiting the synthesis of a chemical messenger (prostaglandin) and promoting heat loss (through sweating) that helps reset the hypothalamic thermostat.,"Paracip Syrup contains Paracetamol which belongs to the antipyretic and analgesic class of drugs. Paracetamol works by blocking the production of a chemical messenger (prostaglandin) and encouraging heat loss (through sweating), which helps reset the hypothalamus thermostat.","https://images.apollo247.in/pub/media/catalog/product/P/A/PAR0107_1_1.jpg, https://images.apollo247.in/pub/media/catalog/product/P/A/PAR0107_2_1.jpg"
Combiflam Tablet 20's,55.5,49.95,"['Fever', 'Pain Relief']",14114,COM0004,https://www.apollopharmacy.in/otc/combiflam-tablet?doNotTrack=true,"Combiflam Tablet  is used to relieve symptoms of muscle pain, arthritis pain, dysmenorrhea (painful periods or menstrual cramps), and dental pain and reduces fever. Pain can be temporary (acute) or long-lasting (chronic). Acute pain is, for a short time, caused by damage to the tissues of the muscle, bone, or other organs. In contrast, chronic pain lasts for a long duration and is caused by pathologies like nerve damage, osteoarthritis, etc. Besides this, it is also useful for dental pain, which can occur due to damage to the tooth nerve, infection, decay, extraction or injury.Combiflam Tablet  is composed of two medicines, namely Ibuprofen and Paracetamol. Ibuprofen is known to have an analgesic and anti-inflammatory effect for reducing mild to moderate pain. It works by blocking the effect of a chemical known as prostaglandin, responsible for inducing pain and inflammation in our body. Paracetamol acts as a mild analgesic and antipyretic (fever reducer). It lowers the elevated body temperature and mild pain by inhibiting the synthesis of a chemical messenger (prostaglandin) and promoting heat loss (through sweating) that helps reset the hypothalamic thermostat. Together, these two medicines help reduce mild to moderate pain in a shorter duration.Like all medicines, Combiflam Tablet  may cause side effects, although not everybody gets them. Stop taking this medicine if you experience symptoms like tightness of the chest, breathing difficulties, fever, skin rashes, increased heart rate and or in case of any signs of hypersensitivity.Do not take Combiflam Tablet  if you are allergic to painkillers like aspirin, ibuprofen, naproxen, or diclofenac. It is not recommended for use in children, people with liver disease, heart disease or gastric ulcers/bleeding problems. Combiflam Tablet  may be associated with a small increase in the risk of heart attack (myocardial infarction). Avoid consumption of alcohol as it may damage your liver and cause increased side effects on taking this drug. Consult your doctor if your pain, inflammation, and fever symptoms do not disappear even after ten days.","Combiflam Tablet  is used for the treatment of Pain and Fever. The detailed uses of Combiflam Tablet  are as follows:•Pain Relief: Combiflam Tablet  is widely used to alleviate mild to moderate pain, such as headaches, toothaches, menstrual cramps, and muscle aches.•Fever Reduction: Combining Ibuprofen and Paracetamol, Combiflam Tablet  effectively reduces fever caused by infections or other health conditions.•Anti-inflammatory Benefits: Its anti-inflammatory properties make Combiflam Tablet  valuable for managing inflammation and swelling in conditions like arthritis and other inflammatory diseases.•Post-Surgical Pain Management: Combiflam Tablet  is often prescribed to manage pain and discomfort following surgical procedures, aiding recovery.•Managing Chronic Pain: Combiflam Tablet  is sometimes included in chronic pain management plans, particularly for conditions like osteoarthritis or persistent back pain, under a healthcare professional's supervision.","Tablet: Use Combiflam Tablet  as prescribed by your doctor. Take Combiflam Tablet  with food to avoid stomach upset, and swallow the whole tablet with a glass of water. Do not break, crush or chew it.","Combiflam Tablet  comprises Ibuprofen and Paracetamol primarily used to treat mild to moderate pain. Combiflam Tablet  is prescribed mainly to treat pain and relieve discomfort caused by conditions like tooth pain, arthritis, period pain and other types of short-term pains. It helps treat pain by blocking the chemical messenger (prostaglandin) in the brain responsible for causing pain. Ibuprofen works by blocking the effect of a chemical known as prostaglandin, responsible for inducing pain and inflammation in our body. On the other hand, Paracetamol lowers the elevated body temperature and mild pain by inhibiting the synthesis of prostaglandin by promoting heat loss (through sweating) that helps reset the hypothalamic thermostat. Paracetamol has the advantage of producing less gastric irritation than other painkillers like aspirin.","Combiflam Tablet  is composed of two medicines, namely Ibuprofen and Paracetamol. Ibuprofen is known to have an analgesic and anti-inflammatory effect for reducing mild to moderate pain. It works by blocking the effect of a chemical known as prostaglandin, responsible for inducing pain and inflammation in our body. Paracetamol acts as a mild analgesic and antipyretic (fever reducer). It lowers the elevated body temperature and mild pain by inhibiting the synthesis of a chemical messenger (prostaglandin) and promoting heat loss (through sweating) that helps reset the hypothalamic thermostat. Together, these two medicines help reduce mild to moderate pain in a shorter duration.","https://images.apollo247.in/pub/media/catalog/product/c/o/combiflam_tablet_20_s-1.png, https://images.apollo247.in/pub/media/catalog/product/c/o/com0004_2_feb23.jpg, https://images.apollo247.in/pub/media/catalog/product/c/o/com0004_3_feb23.jpg, https://images.apollo247.in/pub/media/catalog/product/c/o/com0004_1_feb23.jpg"
Calpol 500+ Tablet 1000's,754.5,679.05,"['Fever', 'Pain relief']",171023,CAL3164,https://www.apollopharmacy.in/otc/calpol-500-tablet-1000-s?doNotTrack=true,"Calpol 500+ Tablet  belongs to the group of medicines called analgesics (pain killers) and antipyretics (fever-reducing agents) used to reduce fever and treat mild to moderate pain. It is alsoused to relieve headaches, migraine, toothache, period pain, back pain, muscle pain, and rheumatic pain. Pain and fever are caused by the activation of pain receptors due to the release of certain natural chemicals in the body, like prostaglandin.Calpol 500+ Tablet  works by inhibiting the production of certain chemical messengers in the brain known as prostaglandins, reducing pain. Also, Calpol 500+ Tablet  affects an area of the brain that regulates body temperature, known as the hypothalamic heat-regulating centre, reducing fever.Take Calpol 500+ Tablet  as advised by your physician. Your doctor will recommend how often you need to take Calpol 500+ Tablet  based on your medical condition. In some cases, Calpol 500+ Tablet  may cause side effects such as nausea, stomach pain and dark-coloured urine. Most of these side effects of Calpol 500+ Tablet  do not require medical attention and gradually resolve over time. However, if the side effects persist or worsen, please consult your doctor.Avoid taking Calpol 500+ Tablet  if allergic to it. Calpol 500+ Tablet  is not recommended for children below 6 years of age. If you are pregnant or breastfeeding, please consult a physician before using Calpol 500+ Tablet . Avoid alcohol consumption with Calpol 500+ Tablet  as it may increase the risk of liver damage. If you have an impaired nutritional state caused by anorexia (eating disorder), malnutrition or alcohol abuse or if you are dehydrated, inform your doctor before taking Calpol 500+ Tablet .","Calpol 500+ Tablet  is used for Fever and pain relief. The detailed uses of Calpol 500+ Tablet  are as follows:•Pain Relief: Calpol 500+ Tablet  is commonly used to treat mild to moderate pain, including headaches, toothaches, muscle aches, and menstrual cramps. It works by suppressing the brain's production of prostaglandins, which induce pain.•Fever Reduction: Calpol 500+ Tablet  effectively reduces fever caused by infections or other conditions. It lowers the body's temperature by working on the hypothalamic heat-regulating area.•Cold and Flu Symptom Relief: Calpol 500+ Tablet  is also used to treat cold and flu symptoms such as body pains, fever, and headaches.•Post-Surgery Pain Management: Calpol 500+ Tablet  is used to treat post-surgery pain, especially when it is mild to moderate, as an alternative to heavier pain drugs.•Arthritis-related Pain: Calpol 500+ Tablet  is used to treat joint pain and discomfort caused by osteoarthritis and rheumatoid arthritis, reducing pain and inflammation.","Swallow it as a whole with a glass of water. It can be taken with or without food anytime. Do not crush, break or chew it.","Calpol 500+ Tablet  contains Paracetamol, an analgesic (pain killer) and antipyretic (reduces fever). It inhibits the production of certain chemical messengers in the brain known as prostaglandins, reducing pain. Also, Calpol 500+ Tablet  affects an area of the brain that regulates body temperature known as the hypothalamic heat-regulating centre, reducing fever.","Calpol 500+ Tablet  works by inhibiting the production of certain chemical messengers in the brain known as prostaglandins, reducing pain. Also, Calpol 500+ Tablet  affects an area of the brain that regulates body temperature, known as the hypothalamic heat-regulating centre, reducing fever.",https://images.apollo247.in/pub/media/pharma/tablet.jpg
Parasafe 1000 Tablet 10's,60.0,54.0,"['Fever', 'Pain relief']",26888,PAR0449,https://www.apollopharmacy.in/otc/parasafe-1000mg-tab?doNotTrack=true,"Parasafe 1000 Tablet  belongs to the group of medicines called analgesics (pain killers) and antipyretics (fever-reducing agents) used to reduce fever and treat mild to moderate pain. It is alsoused to relieve headaches, migraine, toothache, period pain, back pain, muscle pain, and rheumatic pain. Pain and fever are caused by the activation of pain receptors due to the release of certain natural chemicals in the body, like prostaglandin.Parasafe 1000 Tablet  works by inhibiting the production of certain chemical messengers in the brain known as prostaglandins, reducing pain. Also, Parasafe 1000 Tablet  affects an area of the brain that regulates body temperature, known as the hypothalamic heat-regulating centre, reducing fever.Take Parasafe 1000 Tablet  as advised by your physician. Your doctor will recommend how often you need to take Parasafe 1000 Tablet  based on your medical condition. In some cases, Parasafe 1000 Tablet  may cause side effects such as nausea, stomach pain and dark-coloured urine. Most of these side effects of Parasafe 1000 Tablet  do not require medical attention and gradually resolve over time. However, if the side effects persist or worsen, please consult your doctor.Avoid taking Parasafe 1000 Tablet  if allergic to it. Parasafe 1000 Tablet  is not recommended for children below 6 years of age. If you are pregnant or breastfeeding, please consult a physician before using Parasafe 1000 Tablet . Avoid alcohol consumption with Parasafe 1000 Tablet  as it may increase the risk of liver damage. If you have an impaired nutritional state caused by anorexia (eating disorder), malnutrition or alcohol abuse or if you are dehydrated, inform your doctor before taking Parasafe 1000 Tablet .","Parasafe 1000 Tablet  is used for Fever and pain relief. The detailed uses of Parasafe 1000 Tablet  are as follows:•Pain Relief: Parasafe 1000 Tablet  is commonly used to treat mild to moderate pain, including headaches, toothaches, muscle aches, and menstrual cramps. It works by suppressing the brain's production of prostaglandins, which induce pain.•Fever Reduction: Parasafe 1000 Tablet  effectively reduces fever caused by infections or other conditions. It lowers the body's temperature by working on the hypothalamic heat-regulating area.•Cold and Flu Symptom Relief: Parasafe 1000 Tablet  is also used to treat cold and flu symptoms such as body pains, fever, and headaches.•Post-Surgery Pain Management: Parasafe 1000 Tablet  is used to treat post-surgery pain, especially when it is mild to moderate, as an alternative to heavier pain drugs.•Arthritis-related Pain: Parasafe 1000 Tablet  is used to treat joint pain and discomfort caused by osteoarthritis and rheumatoid arthritis, reducing pain and inflammation.","Swallow it as a whole with a glass of water. It can be taken with or without food anytime. Do not crush, break or chew it.","Parasafe 1000 Tablet  contains Paracetamol, an analgesic (pain killer) and antipyretic (reduces fever). It inhibits the production of certain chemical messengers in the brain known as prostaglandins, reducing pain. Also, Parasafe 1000 Tablet  affects an area of the brain that regulates body temperature known as the hypothalamic heat-regulating centre, reducing fever.","Parasafe 1000 Tablet  works by inhibiting the production of certain chemical messengers in the brain known as prostaglandins, reducing pain. Also, Parasafe 1000 Tablet  affects an area of the brain that regulates body temperature, known as the hypothalamic heat-regulating centre, reducing fever.","https://images.apollo247.in/pub/media/catalog/product/P/A/PAR0449_1_1.jpg, https://images.apollo247.in/pub/media/catalog/product/P/A/PAR0449_2_1.jpg, https://images.apollo247.in/pub/media/catalog/product/P/A/PAR0449_3_1.jpg"
Calpol 500 mg Tablet 15's,14.5,13.05,"['Fever', 'Pain relief']",11279,CAL0060,https://www.apollopharmacy.in/otc/calpol-500mg-tablet?doNotTrack=true,"Calpol 500 Tablet  belongs to the group of medicines called analgesics (pain killers) and antipyretics (fever-reducing agents) used to reduce fever and treat mild to moderate pain. It is alsoused to relieve headaches, migraine, toothache, period pain, back pain, muscle pain, and rheumatic pain. Pain and fever are caused by the activation of pain receptors due to the release of certain natural chemicals in the body, like prostaglandin.Calpol 500 Tablet  works by inhibiting the production of certain chemical messengers in the brain known as prostaglandins, reducing pain. Also, Calpol 500 Tablet  affects an area of the brain that regulates body temperature, known as the hypothalamic heat-regulating centre, reducing fever.Take Calpol 500 Tablet  as advised by your physician. Your doctor will recommend how often you need to take Calpol 500 Tablet  based on your medical condition. In some cases, Calpol 500 Tablet  may cause side effects such as nausea, stomach pain and dark-coloured urine. Most of these side effects of Calpol 500 Tablet  do not require medical attention and gradually resolve over time. However, if the side effects persist or worsen, please consult your doctor.Avoid taking Calpol 500 Tablet  if allergic to it. Calpol 500 Tablet  is not recommended for children below 6 years of age. If you are pregnant or breastfeeding, please consult a physician before using Calpol 500 Tablet . Avoid alcohol consumption with Calpol 500 Tablet  as it may increase the risk of liver damage. If you have an impaired nutritional state caused by anorexia (eating disorder), malnutrition or alcohol abuse or if you are dehydrated, inform your doctor before taking Calpol 500 Tablet .","Calpol 500 Tablet  is used for Fever and pain relief. The detailed uses of Calpol 500 Tablet  are as follows:•Pain Relief: Calpol 500 Tablet  is commonly used to treat mild to moderate pain, including headaches, toothaches, muscle aches, and menstrual cramps. It works by suppressing the brain's production of prostaglandins, which induce pain.•Fever Reduction: Calpol 500 Tablet  effectively reduces fever caused by infections or other conditions. It lowers the body's temperature by working on the hypothalamic heat-regulating area.•Cold and Flu Symptom Relief: Calpol 500 Tablet  is also used to treat cold and flu symptoms such as body pains, fever, and headaches.•Post-Surgery Pain Management: Calpol 500 Tablet  is used to treat post-surgery pain, especially when it is mild to moderate, as an alternative to heavier pain drugs.•Arthritis-related Pain: Calpol 500 Tablet  is used to treat joint pain and discomfort caused by osteoarthritis and rheumatoid arthritis, reducing pain and inflammation.","Swallow it as a whole with a glass of water. It can be taken with or without food anytime. Do not crush, break or chew it.","Calpol 500 Tablet  contains Paracetamol, an analgesic (pain killer) and antipyretic (reduces fever). It inhibits the production of certain chemical messengers in the brain known as prostaglandins, reducing pain. Also, Calpol 500 Tablet  affects an area of the brain that regulates body temperature known as the hypothalamic heat-regulating centre, reducing fever.","Calpol 500 Tablet  works by inhibiting the production of certain chemical messengers in the brain known as prostaglandins, reducing pain. Also, Calpol 500 Tablet  affects an area of the brain that regulates body temperature, known as the hypothalamic heat-regulating centre, reducing fever.","https://images.apollo247.in/pub/media/catalog/product/c/a/cal0060_.jpg, https://images.apollo247.in/pub/media/catalog/product/c/a/cal0060_1_.jpg, https://images.apollo247.in/pub/media/catalog/product/c/a/cal0060_2_.jpg, https://images.apollo247.in/pub/media/catalog/product/c/a/cal0060_3_.jpg, https://images.apollo247.in/pub/media/catalog/product/c/a/cal0060_4_.jpg"
P 250 mg Tablet 10's,17.0,15.3,"['Fever', 'Pain relief']",26239,P250002,https://www.apollopharmacy.in/otc/p-250-mg-tablet-10-s?doNotTrack=true,"P 250 mg Tablet  belongs to the group of medicines called analgesics (pain killers) and antipyretics (fever-reducing agents) used to reduce fever and treat mild to moderate pain. It is alsoused to relieve headaches, migraine, toothache, period pain, back pain, muscle pain, and rheumatic pain. Pain and fever are caused by the activation of pain receptors due to the release of certain natural chemicals in the body, like prostaglandin.P 250 mg Tablet  works by inhibiting the production of certain chemical messengers in the brain known as prostaglandins, reducing pain. Also, P 250 mg Tablet  affects an area of the brain that regulates body temperature, known as the hypothalamic heat-regulating centre, reducing fever.Take P 250 mg Tablet  as advised by your physician. Your doctor will recommend how often you need to take P 250 mg Tablet  based on your medical condition. In some cases, P 250 mg Tablet  may cause side effects such as nausea, stomach pain and dark-coloured urine. Most of these side effects of P 250 mg Tablet  do not require medical attention and gradually resolve over time. However, if the side effects persist or worsen, please consult your doctor.Avoid taking P 250 mg Tablet  if allergic to it. P 250 mg Tablet  is not recommended for children below 6 years of age. If you are pregnant or breastfeeding, please consult a physician before using P 250 mg Tablet . Avoid alcohol consumption with P 250 mg Tablet  as it may increase the risk of liver damage. If you have an impaired nutritional state caused by anorexia (eating disorder), malnutrition or alcohol abuse or if you are dehydrated, inform your doctor before taking P 250 mg Tablet .","P 250 mg Tablet  is used for Fever and pain relief. The detailed uses of P 250 mg Tablet  are as follows:•Pain Relief: P 250 mg Tablet  is commonly used to treat mild to moderate pain, including headaches, toothaches, muscle aches, and menstrual cramps. It works by suppressing the brain's production of prostaglandins, which induce pain.•Fever Reduction: P 250 mg Tablet  effectively reduces fever caused by infections or other conditions. It lowers the body's temperature by working on the hypothalamic heat-regulating area.•Cold and Flu Symptom Relief: P 250 mg Tablet  is also used to treat cold and flu symptoms such as body pains, fever, and headaches.•Post-Surgery Pain Management: P 250 mg Tablet  is used to treat post-surgery pain, especially when it is mild to moderate, as an alternative to heavier pain drugs.•Arthritis-related Pain: P 250 mg Tablet  is used to treat joint pain and discomfort caused by osteoarthritis and rheumatoid arthritis, reducing pain and inflammation.","Swallow it as a whole with a glass of water. It can be taken with or without food anytime. Do not crush, break or chew it.","P 250 mg Tablet  contains Paracetamol, an analgesic (pain killer) and antipyretic (reduces fever). It inhibits the production of certain chemical messengers in the brain known as prostaglandins, reducing pain. Also, P 250 mg Tablet  affects an area of the brain that regulates body temperature known as the hypothalamic heat-regulating centre, reducing fever.","P 250 mg Tablet  works by inhibiting the production of certain chemical messengers in the brain known as prostaglandins, reducing pain. Also, P 250 mg Tablet  affects an area of the brain that regulates body temperature, known as the hypothalamic heat-regulating centre, reducing fever.","https://images.apollo247.in/pub/media/catalog/product/p/2/p250002.jpg, https://images.apollo247.in/pub/media/catalog/product/p/2/p250002_1.jpg, https://images.apollo247.in/pub/media/catalog/product/p/2/p250002_2.jpg, https://images.apollo247.in/pub/media/catalog/product/p/2/p250002_3.jpg, https://images.apollo247.in/pub/media/catalog/product/p/2/p250002_4.jpg"
Fepanil Banana Drops 15 ml,30.0,27.0,"['Fever', 'Pain relief']",19325,FEP0014,https://www.apollopharmacy.in/otc/fepanil-drops-15ml?doNotTrack=true,"Fepanil Banana Drops is a non-steroidal anti-inflammatory drug (NSAID) used in relieving pain and fever. Pain can be acute (temporary) or chronic (long-lasting). Acute pain is a short time pain caused by damage to the tissues of the muscle, bone, or other organs. Chronic pain lasts for a long duration and is caused due to pathologies like nerve damage, etc. This medicine helps relieve symptoms of muscle pain and dental pain in children. Fever is a high body temperature followed by shivering, headache, and, in severe cases, delirium.Fepanil Banana Drops contains Paracetamol which belongs to the antipyretic and analgesic class of drugs. Paracetamol works by blocking the production of a chemical messenger (prostaglandin) and encouraging heat loss (through sweating), which helps reset the hypothalamus thermostat.Fepanil Banana Drops may cause certain side effects such as abdominal pain, cold-like symptoms, or diarrhoea. These side effects do not require medical attention and gradually resolve over time. However, if the side effects persist or worsen, please consult your paediatrician. Fepanil Banana Drops should be used as advised by your doctor. Do not give the child more than the prescribed dose of Fepanil Banana Drops. Fepanil Banana Drops can be given with or without food. Your paediatrician will decide the dose of the medicine depending upon the type and severity of the condition.Fepanil Banana Drops is intended for pediatric use only. Avoid giving Fepanil Banana Drops to your child if she/he is allergic to it. Keep your doctor informed about your child’s health condition, medications, and medical history to rule out any side effects/interactions. If your child has liver and kidney disease, inform your doctor before using this medicine. Fepanil Banana Drops is used in babies below two years of age.",Treatment of Pain and Fever,Shake the container well before each use. Measure the required amount of Fepanil Banana Drops and administer it to your baby. It is advised to measure the quantity accurately with the help of a syringe or dropper containing markings.,Fepanil Banana Drops contains Paracetamol as an active ingredient (antipyretic and analgesic). Paracetamol lowers the elevated body temperature and mild pain by inhibiting the synthesis of a chemical messenger (prostaglandin) and promoting heat loss (through sweating) that helps reset the hypothalamic thermostat.,"Fepanil Banana Drops contains Paracetamol which belongs to the antipyretic and analgesic class of drugs. Paracetamol works by blocking the production of a chemical messenger (prostaglandin) and encouraging heat loss (through sweating), which helps reset the hypothalamus thermostat.","https://images.apollo247.in/pub/media/catalog/product/f/e/fep0014.jpg, https://images.apollo247.in/pub/media/catalog/product/f/e/fep0014_1.jpg, https://images.apollo247.in/pub/media/catalog/product/f/e/fep0014_2.jpg, https://images.apollo247.in/pub/media/catalog/product/f/e/fep0014_3.jpg"
T 98 Paediateric Drops 15 ml,32.5,29.25,"['Fever', 'Pain relief']",40473,T980002,https://www.apollopharmacy.in/otc/t-98-p-drops-15ml?doNotTrack=true,"T 98 Paediateric Drops is a non-steroidal anti-inflammatory drug (NSAID) used in relieving pain and fever. Pain can be acute (temporary) or chronic (long-lasting). Acute pain is a short time pain caused by damage to the tissues of the muscle, bone, or other organs. Chronic pain lasts for a long duration and is caused due to pathologies like nerve damage, etc. This medicine helps relieve symptoms of muscle pain and dental pain in children. Fever is a high body temperature followed by shivering, headache, and, in severe cases, delirium.T 98 Paediateric Drops contains Paracetamol which belongs to the antipyretic and analgesic class of drugs. Paracetamol works by blocking the production of a chemical messenger (prostaglandin) and encouraging heat loss (through sweating), which helps reset the hypothalamus thermostat.T 98 Paediateric Drops may cause certain side effects such as abdominal pain, cold-like symptoms, or diarrhoea. These side effects do not require medical attention and gradually resolve over time. However, if the side effects persist or worsen, please consult your paediatrician. T 98 Paediateric Drops should be used as advised by your doctor. Do not give the child more than the prescribed dose of T 98 Paediateric Drops. T 98 Paediateric Drops can be given with or without food. Your paediatrician will decide the dose of the medicine depending upon the type and severity of the condition.T 98 Paediateric Drops is intended for pediatric use only. Avoid giving T 98 Paediateric Drops to your child if she/he is allergic to it. Keep your doctor informed about your child’s health condition, medications, and medical history to rule out any side effects/interactions. If your child has liver and kidney disease, inform your doctor before using this medicine. T 98 Paediateric Drops is used in babies below two years of age.",Treatment of Pain and Fever,Shake the container well before each use. Measure the required amount of T 98 Paediateric Drops and administer it to your baby. It is advised to measure the quantity accurately with the help of a syringe or dropper containing markings.,T 98 Paediateric Drops contains Paracetamol as an active ingredient (antipyretic and analgesic). Paracetamol lowers the elevated body temperature and mild pain by inhibiting the synthesis of a chemical messenger (prostaglandin) and promoting heat loss (through sweating) that helps reset the hypothalamic thermostat.,"T 98 Paediateric Drops contains Paracetamol which belongs to the antipyretic and analgesic class of drugs. Paracetamol works by blocking the production of a chemical messenger (prostaglandin) and encouraging heat loss (through sweating), which helps reset the hypothalamus thermostat.","https://images.apollo247.in/pub/media/catalog/product/T/9/T980002_1_1.jpg, https://images.apollo247.in/pub/media/catalog/product/T/9/T980002_2_1.jpg, https://images.apollo247.in/pub/media/catalog/product/T/9/T980002_3_1.jpg"
Dolo Infusion 100 ml,331.0,291.28,"['Pain ', 'Fever']",74556,DOL0349,https://www.apollopharmacy.in/otc/dolo-iv-100ml?doNotTrack=true,"Dolo Infusion  belongs to the group of medicines called analgesics (pain killers) and antipyretics (fever-reducing agents) used to reduce fever and treat mild to moderate pain. It is alsoused to relieve headaches, migraine, toothache, period pain, back pain, muscle pain, and rheumatic pain. Pain and fever are caused by the activation of pain receptors due to the release of certain natural chemicals in the body, like prostaglandin.Dolo Infusion  works by inhibiting the production of certain chemical messengers in the brain known as prostaglandins, reducing pain. Also, Dolo Infusion  affects an area of the brain that regulates body temperature, known as the hypothalamic heat-regulating centre, reducing fever.Take Dolo Infusion  as advised by your physician. Your doctor will recommend how often you need to take Dolo Infusion  based on your medical condition. In some cases, Dolo Infusion  may cause side effects such as nausea, stomach pain and dark-coloured urine. Most of these side effects of Dolo Infusion  do not require medical attention and gradually resolve over time. However, if the side effects persist or worsen, please consult your doctor.Avoid taking Dolo Infusion  if allergic to it. Dolo Infusion  is not recommended for children below 6 years of age. If you are pregnant or breastfeeding, please consult a physician before using Dolo Infusion . Avoid alcohol consumption with Dolo Infusion  as it may increase the risk of liver damage. If you have an impaired nutritional state caused by anorexia (eating disorder), malnutrition or alcohol abuse or if you are dehydrated, inform your doctor before taking Dolo Infusion .","Dolo Infusion  is used for Fever and pain relief. The detailed uses of Dolo Infusion  are as follows:•Pain Relief: Dolo Infusion  is commonly used to treat mild to moderate pain, including headaches, toothaches, muscle aches, and menstrual cramps. It works by suppressing the brain's production of prostaglandins, which induce pain.•Fever Reduction: Dolo Infusion  effectively reduces fever caused by infections or other conditions. It lowers the body's temperature by working on the hypothalamic heat-regulating area.•Cold and Flu Symptom Relief: Dolo Infusion  is also used to treat cold and flu symptoms such as body pains, fever, and headaches.•Post-Surgery Pain Management: Dolo Infusion  is used to treat post-surgery pain, especially when it is mild to moderate, as an alternative to heavier pain drugs.•Arthritis-related Pain: Dolo Infusion  is used to treat joint pain and discomfort caused by osteoarthritis and rheumatoid arthritis, reducing pain and inflammation.","Swallow it as a whole with a glass of water. It can be taken with or without food anytime. Do not crush, break or chew it.","Dolo Infusion  contains Paracetamol, an analgesic (pain killer) and antipyretic (reduces fever). It inhibits the production of certain chemical messengers in the brain known as prostaglandins, reducing pain. Also, Dolo Infusion  affects an area of the brain that regulates body temperature known as the hypothalamic heat-regulating centre, reducing fever.","Dolo Infusion  works by inhibiting the production of certain chemical messengers in the brain known as prostaglandins, reducing pain. Also, Dolo Infusion  affects an area of the brain that regulates body temperature, known as the hypothalamic heat-regulating centre, reducing fever.","https://images.apollo247.in/pub/media/catalog/product/d/o/dol0349.jpg, https://images.apollo247.in/pub/media/catalog/product/d/o/dol0349_1.jpg, https://images.apollo247.in/pub/media/catalog/product/d/o/dol0349_2.jpg, https://images.apollo247.in/pub/media/catalog/product/d/o/dol0349_3.jpg"
P-125 Suspension 60 ml,40.5,36.45,"['Fever', 'Pain relief']",26234,P120001,https://www.apollopharmacy.in/otc/p-125-suspension-60-ml?doNotTrack=true,"P-125 Suspension is a non-steroidal anti-inflammatory drug (NSAID) used in relieving pain and fever. Pain can be acute (temporary) or chronic (long-lasting). Acute pain is a short time pain caused by damage to the tissues of the muscle, bone, or other organs. Chronic pain lasts for a long duration and is caused due to pathologies like nerve damage, etc. This medicine helps relieve symptoms of muscle pain and dental pain in children. Fever is a high body temperature followed by shivering, headache, and, in severe cases, delirium.P-125 Suspension contains Paracetamol which belongs to the antipyretic and analgesic class of drugs. Paracetamol works by blocking the production of a chemical messenger (prostaglandin) and encouraging heat loss (through sweating), which helps reset the hypothalamus thermostat.P-125 Suspension may cause certain side effects such as abdominal pain, cold-like symptoms, or diarrhoea. These side effects do not require medical attention and gradually resolve over time. However, if the side effects persist or worsen, please consult your paediatrician. P-125 Suspension should be used as advised by your doctor. Do not give the child more than the prescribed dose of P-125 Suspension. P-125 Suspension can be given with or without food. Your paediatrician will decide the dose of the medicine depending upon the type and severity of the condition.P-125 Suspension is intended for pediatric use only. Avoid giving P-125 Suspension to your child if she/he is allergic to it. Keep your doctor informed about your child’s health condition, medications, and medical history to rule out any side effects/interactions. If your child has liver and kidney disease, inform your doctor before using this medicine. P-125 Suspension is used in babies below two years of age.",Treatment of Pain and Fever,Shake the container well before each use. Measure the required amount of P-125 Suspension and administer it to your baby. It is advised to measure the quantity accurately with the help of a syringe or dropper containing markings.,P-125 Suspension contains Paracetamol as an active ingredient (antipyretic and analgesic). Paracetamol lowers the elevated body temperature and mild pain by inhibiting the synthesis of a chemical messenger (prostaglandin) and promoting heat loss (through sweating) that helps reset the hypothalamic thermostat.,"P-125 Suspension contains Paracetamol which belongs to the antipyretic and analgesic class of drugs. Paracetamol works by blocking the production of a chemical messenger (prostaglandin) and encouraging heat loss (through sweating), which helps reset the hypothalamus thermostat.",https://images.apollo247.in/pub/media/catalog/product/P/1/P120001_1_2.jpg
"New Saridon for Fast Headache Relief, 10 Tablets",50.0,50.0,['Headache Relief'],53841,SAR0001,https://www.apollopharmacy.in/otc/saridon-50mg-tablet-10-s?doNotTrack=true,"New Saridon for Fast Headache Relief Tablets is used to treat mild to moderate pain, including headache, backache, migraine, rheumatic and muscle pain, toothache and period pain. On the other hand, it also relieves discomfort in colds, influenza, and sore throats and helps reduce temperature. Pain is caused by the activation of pain receptors due to the release of certain chemicals or enzymes.New Saridon for Fast Headache Relief Tablets contains paracetamol (acetaminophen) and caffeine. Paracetamol inhibits the release of these enzymes and alleviates pain. Caffeine increases the efficacy of paracetamol by improving its absorption, thereby prolonging analgesic action. Paracetamol also has an antipyretic effect and can reduce body temperature in cases of fever.Use New Saridon for Fast Headache Relief Tablets as directed by the physician only. The dose and duration of the medication depend on your condition and its severity. The common side effects of New Saridon for Fast Headache Relief Tablets include agitation, nervousness, and insomnia. Everyone need not experience the above side effects as they vary for each person depending on their health, underlying conditions, age, weight, and gender. In case of any discomfort, speak with a doctor.Do not take New Saridon for Fast Headache Relief Tablets if you're allergic to any ingredient in it. New Saridon for Fast Headache Relief Tablets is not recommended for use during pregnancy or breastfeeding. Ask your healthcare professional for advice if you have any concerns. Do not use New Saridon for Fast Headache Relief Tablets in more than prescribed doses or for a longer duration as it may cause adverse effects. Before taking the New Saridon for Fast Headache Relief Tablets, notify your doctor about your current health situation and other medications you are taking to rule out any potential negative effects. New Saridon for Fast Headache Relief Tablets is not recommended in children below 12 years of age. Avoid alcohol consumption with New Saridon for Fast Headache Relief Tablets as it may increase the risk of liver damage.",Treatment of Pain relief,"Swallow it as a whole with water; do not crush, break or chew it.","New Saridon for Fast Headache Relief Tablets is a combination medication containing paracetamol (acetaminophen) and caffeine. New Saridon for Fast Headache Relief Tablets effectively treats mild to moderate pain, including headache, backache, migraine, rheumatic and muscle pain, toothache and period pain. On the other hand, it also relieves discomfort in colds, influenza, and sore throats and helps reduce temperature. Paracetamol inhibits the release of these enzymes and alleviates pain. Caffeine increases the efficacy of paracetamol by improving its absorption, thereby prolonging analgesic action. Paracetamol also has an antipyretic effect and can reduce body temperature in cases of fever.","New Saridon for Fast Headache Relief Tablets contains paracetamol (acetaminophen) and caffeine. Paracetamol inhibits the release of these enzymes and alleviates pain. Caffeine increases the efficacy of paracetamol by improving its absorption, thereby prolonging analgesic action. Paracetamol also has an antipyretic effect and can reduce body temperature in cases of fever.","https://images.apollo247.in/pub/media/catalog/product/s/a/sar0001_1-sep2023_1_.jpg, https://images.apollo247.in/pub/media/catalog/product/s/a/sar0001_1-sep2023_3_.jpg, https://images.apollo247.in/pub/media/catalog/product/s/a/sar0001_1-sep2023_4_.jpg, https://images.apollo247.in/pub/media/catalog/product/s/a/sar0001_1-sep2023_2_.jpg, https://images.apollo247.in/pub/media/catalog/product/s/a/sar0001_1-sep2023_5_.jpg, https://images.apollo247.in/pub/media/catalog/product/s/a/sar0001_1-sep2023_6_.jpg, https://images.apollo247.in/pub/media/catalog/product/s/a/sar0001_1-sep2023_7_.jpg, https://images.apollo247.in/pub/media/catalog/product/s/a/sar0001_1-sep2023_8_.jpg"
Calpol 120 mg Suspension 60 ml,40.0,36.0,"['Fever', 'Pain relief']",11281,CAL0062,https://www.apollopharmacy.in/otc/calpol-paediatric-syrup-60ml?doNotTrack=true,"Calpol 120 mg Suspension is a non-steroidal anti-inflammatory drug (NSAID) used in relieving pain and fever. Pain can be acute (temporary) or chronic (long-lasting). Acute pain is a short time pain caused by damage to the tissues of the muscle, bone, or other organs. Chronic pain lasts for a long duration and is caused due to pathologies like nerve damage, etc. This medicine helps relieve symptoms of muscle pain and dental pain in children. Fever is a high body temperature followed by shivering, headache, and, in severe cases, delirium.Calpol 120 mg Suspension contains Paracetamol which belongs to the antipyretic and analgesic class of drugs. Paracetamol works by blocking the production of a chemical messenger (prostaglandin) and encouraging heat loss (through sweating), which helps reset the hypothalamus thermostat.Calpol 120 mg Suspension may cause certain side effects such as abdominal pain, cold-like symptoms, or diarrhoea. These side effects do not require medical attention and gradually resolve over time. However, if the side effects persist or worsen, please consult your paediatrician. Calpol 120 mg Suspension should be used as advised by your doctor. Do not give the child more than the prescribed dose of Calpol 120 mg Suspension. Calpol 120 mg Suspension can be given with or without food. Your paediatrician will decide the dose of the medicine depending upon the type and severity of the condition.Calpol 120 mg Suspension is intended for pediatric use only. Avoid giving Calpol 120 mg Suspension to your child if she/he is allergic to it. Keep your doctor informed about your child’s health condition, medications, and medical history to rule out any side effects/interactions. If your child has liver and kidney disease, inform your doctor before using this medicine. Calpol 120 mg Suspension is used in babies below two years of age.",Treatment of Pain and Fever,Shake the container well before each use. Measure the required amount of Calpol 120 mg Suspension and administer it to your baby. It is advised to measure the quantity accurately with the help of a syringe or dropper containing markings.,Calpol 120 mg Suspension contains Paracetamol as an active ingredient (antipyretic and analgesic). Paracetamol lowers the elevated body temperature and mild pain by inhibiting the synthesis of a chemical messenger (prostaglandin) and promoting heat loss (through sweating) that helps reset the hypothalamic thermostat.,"Calpol 120 mg Suspension contains Paracetamol which belongs to the antipyretic and analgesic class of drugs. Paracetamol works by blocking the production of a chemical messenger (prostaglandin) and encouraging heat loss (through sweating), which helps reset the hypothalamus thermostat.","https://images.apollo247.in/pub/media/catalog/product/C/A/CAL0062_1_1.jpg, https://images.apollo247.in/pub/media/catalog/product/C/A/CAL0062_2_1.jpg"
Dolo 120 mg Suspension 60 ml,40.5,36.45,"['Fever', 'Pain relief']",16493,DOL0286,https://www.apollopharmacy.in/otc/dolo-120-mg-suspension-60-ml?doNotTrack=true,"Dolo 120 mg Suspension is a non-steroidal anti-inflammatory drug (NSAID) used in relieving pain and fever. Pain can be acute (temporary) or chronic (long-lasting). Acute pain is a short time pain caused by damage to the tissues of the muscle, bone, or other organs. Chronic pain lasts for a long duration and is caused due to pathologies like nerve damage, etc. This medicine helps relieve symptoms of muscle pain and dental pain in children. Fever is a high body temperature followed by shivering, headache, and, in severe cases, delirium.Dolo 120 mg Suspension contains Paracetamol which belongs to the antipyretic and analgesic class of drugs. Paracetamol works by blocking the production of a chemical messenger (prostaglandin) and encouraging heat loss (through sweating), which helps reset the hypothalamus thermostat.Dolo 120 mg Suspension may cause certain side effects such as abdominal pain, cold-like symptoms, or diarrhoea. These side effects do not require medical attention and gradually resolve over time. However, if the side effects persist or worsen, please consult your paediatrician. Dolo 120 mg Suspension should be used as advised by your doctor. Do not give the child more than the prescribed dose of Dolo 120 mg Suspension. Dolo 120 mg Suspension can be given with or without food. Your paediatrician will decide the dose of the medicine depending upon the type and severity of the condition.Dolo 120 mg Suspension is intended for pediatric use only. Avoid giving Dolo 120 mg Suspension to your child if she/he is allergic to it. Keep your doctor informed about your child’s health condition, medications, and medical history to rule out any side effects/interactions. If your child has liver and kidney disease, inform your doctor before using this medicine. Dolo 120 mg Suspension is used in babies below two years of age.",Treatment of Pain and Fever,Shake the container well before each use. Measure the required amount of Dolo 120 mg Suspension and administer it to your baby. It is advised to measure the quantity accurately with the help of a syringe or dropper containing markings.,Dolo 120 mg Suspension contains Paracetamol as an active ingredient (antipyretic and analgesic). Paracetamol lowers the elevated body temperature and mild pain by inhibiting the synthesis of a chemical messenger (prostaglandin) and promoting heat loss (through sweating) that helps reset the hypothalamic thermostat.,"Dolo 120 mg Suspension contains Paracetamol which belongs to the antipyretic and analgesic class of drugs. Paracetamol works by blocking the production of a chemical messenger (prostaglandin) and encouraging heat loss (through sweating), which helps reset the hypothalamus thermostat.","https://images.apollo247.in/pub/media/catalog/product/D/O/DOL0286_1_1.jpg, https://images.apollo247.in/pub/media/catalog/product/D/O/DOL0286_2_1.jpg"
Auspara 500 Tablet 10's,10.0,10.0,"['Fever', 'Pain relief']",139947,AUS0041,https://www.apollopharmacy.in/otc/auspara-500-tab-10-s?doNotTrack=true,"Auspara 500 Tablet  belongs to the group of medicines called analgesics (pain killers) and antipyretics (fever-reducing agents) used to reduce fever and treat mild to moderate pain. It is alsoused to relieve headaches, migraine, toothache, period pain, back pain, muscle pain, and rheumatic pain. Pain and fever are caused by the activation of pain receptors due to the release of certain natural chemicals in the body, like prostaglandin.Auspara 500 Tablet  works by inhibiting the production of certain chemical messengers in the brain known as prostaglandins, reducing pain. Also, Auspara 500 Tablet  affects an area of the brain that regulates body temperature, known as the hypothalamic heat-regulating centre, reducing fever.Take Auspara 500 Tablet  as advised by your physician. Your doctor will recommend how often you need to take Auspara 500 Tablet  based on your medical condition. In some cases, Auspara 500 Tablet  may cause side effects such as nausea, stomach pain and dark-coloured urine. Most of these side effects of Auspara 500 Tablet  do not require medical attention and gradually resolve over time. However, if the side effects persist or worsen, please consult your doctor.Avoid taking Auspara 500 Tablet  if allergic to it. Auspara 500 Tablet  is not recommended for children below 6 years of age. If you are pregnant or breastfeeding, please consult a physician before using Auspara 500 Tablet . Avoid alcohol consumption with Auspara 500 Tablet  as it may increase the risk of liver damage. If you have an impaired nutritional state caused by anorexia (eating disorder), malnutrition or alcohol abuse or if you are dehydrated, inform your doctor before taking Auspara 500 Tablet .","Auspara 500 Tablet  is used for Fever and pain relief. The detailed uses of Auspara 500 Tablet  are as follows:•Pain Relief: Auspara 500 Tablet  is commonly used to treat mild to moderate pain, including headaches, toothaches, muscle aches, and menstrual cramps. It works by suppressing the brain's production of prostaglandins, which induce pain.•Fever Reduction: Auspara 500 Tablet  effectively reduces fever caused by infections or other conditions. It lowers the body's temperature by working on the hypothalamic heat-regulating area.•Cold and Flu Symptom Relief: Auspara 500 Tablet  is also used to treat cold and flu symptoms such as body pains, fever, and headaches.•Post-Surgery Pain Management: Auspara 500 Tablet  is used to treat post-surgery pain, especially when it is mild to moderate, as an alternative to heavier pain drugs.•Arthritis-related Pain: Auspara 500 Tablet  is used to treat joint pain and discomfort caused by osteoarthritis and rheumatoid arthritis, reducing pain and inflammation.","Swallow it as a whole with a glass of water. It can be taken with or without food anytime. Do not crush, break or chew it.","Auspara 500 Tablet  contains Paracetamol, an analgesic (pain killer) and antipyretic (reduces fever). It inhibits the production of certain chemical messengers in the brain known as prostaglandins, reducing pain. Also, Auspara 500 Tablet  affects an area of the brain that regulates body temperature known as the hypothalamic heat-regulating centre, reducing fever.","Auspara 500 Tablet  works by inhibiting the production of certain chemical messengers in the brain known as prostaglandins, reducing pain. Also, Auspara 500 Tablet  affects an area of the brain that regulates body temperature, known as the hypothalamic heat-regulating centre, reducing fever.","https://images.apollo247.in/pub/media/catalog/product/s/k/sku__aus0041.jpg, https://images.apollo247.in/pub/media/catalog/product/a/u/aus0041_2_.jpg, https://images.apollo247.in/pub/media/catalog/product/a/u/aus0041_1_.jpg"
Neomol 250 Anal Suppository 5's,108.5,97.65,"['Pain relief', 'Fever']",29272,NEO0111,https://www.apollopharmacy.in/otc/neomol-250mg-suppository?doNotTrack=true,"Neomol 250 Anal Suppository belongs to the group of analgesics (pain killers), and antipyretics (fever-reducing agents) used to treat mild to moderate pain and fever in adults and children weighing at least 7kgs. Pain and fever are caused by the activation of pain receptors due to the release of certain natural chemicals in the body like prostaglandins.Neomol 250 Anal Suppository contains 'Paracetamol' which prevents the release of chemical messengers (prostaglandins) that cause pain and inflammation. Thus, relieves pain. Neomol 250 Anal Suppository also acts as an antipyretic agent by affecting the chemical messengers in the brain that regulate body temperature. Thereby, reduces fever.Your doctor will decide the dose and duration of Neomol 250 Anal Suppository based on your condition. In some cases, Neomol 250 Anal Suppository may cause side effects like rash, soreness in or around the rectum/anus, and itching. Most of these side effects do not necessitate medical attention and will resolve gradually over time. However, if the side effects persist or worsen, please consult a doctor.Do not take Neomol 250 Anal Suppository if you are allergic to any of its components. Inform your doctor if you have kidney or liver problems, alcoholism, infections or any other medical conditions. Consult your doctor if you are pregnant or breastfeeding. Do not exceed the recommended dosage as an overdose may be injurious to the liver. Do not swallow Neomol 250 Anal Suppository; it is for anal administration only.",Treatment of Pain and Fever,Use Neomol 250 Anal Suppository exactly as advised by the doctor. The suppository should be inserted into the rectum (back passage) by removing the plastic wrapper. Wash your hands before and after inserting the suppository.,"Neomol 250 Anal Suppository belongs to the group of analgesics (pain killers), and antipyretics (fever-reducing agents) used to treat mild to moderate pain and fever in adults and children weighing at least 7kgs. Neomol 250 Anal Suppository prevents the release of chemical messengers (prostaglandin) that cause pain and inflammation. Thus, relieves pain. Neomol 250 Anal Suppository also acts as an antipyretic agent by affecting the chemical messengers in the brain that regulate body temperature. Thereby, reduces fever.","Neomol 250 Anal Suppository contains 'Paracetamol' which prevents the release of chemical messengers (prostaglandins) that cause pain and inflammation. Thus, relieves pain. Neomol 250 Anal Suppository also acts as an antipyretic agent by affecting the chemical messengers in the brain that regulate body temperature. Thereby, reduces fever.","https://images.apollo247.in/pub/media/catalog/product/N/E/NEO0111_1_1.jpg, https://images.apollo247.in/pub/media/catalog/product/N/E/NEO0111_2_1.jpg"
"Crocin Oral Drop, 15 ml",36.0,32.4,"['Fever', 'Pain relief']",48730,CRO0005,https://www.apollopharmacy.in/otc/crocin-drops-15ml?doNotTrack=true,"Crocin Oral Drop is a non-steroidal anti-inflammatory drug (NSAID) used in relieving pain and fever. Pain can be acute (temporary) or chronic (long-lasting). Acute pain is a short time pain caused by damage to the tissues of the muscle, bone, or other organs. Chronic pain lasts for a long duration and is caused due to pathologies like nerve damage, etc. This medicine helps relieve symptoms of muscle pain and dental pain in children. Fever is a high body temperature followed by shivering, headache, and, in severe cases, delirium.Crocin Oral Drop contains Paracetamol which belongs to the antipyretic and analgesic class of drugs. Paracetamol works by blocking the production of a chemical messenger (prostaglandin) and encouraging heat loss (through sweating), which helps reset the hypothalamus thermostat.Crocin Oral Drop may cause certain side effects such as abdominal pain, cold-like symptoms, or diarrhoea. These side effects do not require medical attention and gradually resolve over time. However, if the side effects persist or worsen, please consult your paediatrician. Crocin Oral Drop should be used as advised by your doctor. Do not give the child more than the prescribed dose of Crocin Oral Drop. Crocin Oral Drop can be given with or without food. Your paediatrician will decide the dose of the medicine depending upon the type and severity of the condition.Crocin Oral Drop is intended for pediatric use only. Avoid giving Crocin Oral Drop to your child if she/he is allergic to it. Keep your doctor informed about your child’s health condition, medications, and medical history to rule out any side effects/interactions. If your child has liver and kidney disease, inform your doctor before using this medicine. Crocin Oral Drop is used in babies below two years of age.",Treatment of Pain and Fever,Shake the container well before each use. Measure the required amount of Crocin Oral Drop and administer it to your baby. It is advised to measure the quantity accurately with the help of a syringe or dropper containing markings.,Crocin Oral Drop contains Paracetamol as an active ingredient (antipyretic and analgesic). Paracetamol lowers the elevated body temperature and mild pain by inhibiting the synthesis of a chemical messenger (prostaglandin) and promoting heat loss (through sweating) that helps reset the hypothalamic thermostat.,"Crocin Oral Drop contains Paracetamol which belongs to the antipyretic and analgesic class of drugs. Paracetamol works by blocking the production of a chemical messenger (prostaglandin) and encouraging heat loss (through sweating), which helps reset the hypothalamus thermostat.","https://images.apollo247.in/pub/media/catalog/product/c/r/cro0005_3.jpg, https://images.apollo247.in/pub/media/catalog/product/c/r/cro0005_1.jpg, https://images.apollo247.in/pub/media/catalog/product/c/r/cro0005_2.jpg"
Neomol-170 Suppositories 5's,44.0,39.6,"['Pain relief', 'Fever']",29307,NEO0292,https://www.apollopharmacy.in/otc/neomol-170mg-suppotories?doNotTrack=true,"Neomol-170 Suppositories belongs to the group of analgesics (pain killers), and antipyretics (fever-reducing agents) used to treat mild to moderate pain and fever in adults and children weighing at least 7kgs. Pain and fever are caused by the activation of pain receptors due to the release of certain natural chemicals in the body like prostaglandins.Neomol-170 Suppositories contains 'Paracetamol' which prevents the release of chemical messengers (prostaglandins) that cause pain and inflammation. Thus, relieves pain. Neomol-170 Suppositories also acts as an antipyretic agent by affecting the chemical messengers in the brain that regulate body temperature. Thereby, reduces fever.Your doctor will decide the dose and duration of Neomol-170 Suppositories based on your condition. In some cases, Neomol-170 Suppositories may cause side effects like rash, soreness in or around the rectum/anus, and itching. Most of these side effects do not necessitate medical attention and will resolve gradually over time. However, if the side effects persist or worsen, please consult a doctor.Do not take Neomol-170 Suppositories if you are allergic to any of its components. Inform your doctor if you have kidney or liver problems, alcoholism, infections or any other medical conditions. Consult your doctor if you are pregnant or breastfeeding. Do not exceed the recommended dosage as an overdose may be injurious to the liver. Do not swallow Neomol-170 Suppositories; it is for anal administration only.",Treatment of Pain and Fever,Use Neomol-170 Suppositories exactly as advised by the doctor. The suppository should be inserted into the rectum (back passage) by removing the plastic wrapper. Wash your hands before and after inserting the suppository.,"Neomol-170 Suppositories belongs to the group of analgesics (pain killers), and antipyretics (fever-reducing agents) used to treat mild to moderate pain and fever in adults and children weighing at least 7kgs. Neomol-170 Suppositories prevents the release of chemical messengers (prostaglandin) that cause pain and inflammation. Thus, relieves pain. Neomol-170 Suppositories also acts as an antipyretic agent by affecting the chemical messengers in the brain that regulate body temperature. Thereby, reduces fever.","Neomol-170 Suppositories contains 'Paracetamol' which prevents the release of chemical messengers (prostaglandins) that cause pain and inflammation. Thus, relieves pain. Neomol-170 Suppositories also acts as an antipyretic agent by affecting the chemical messengers in the brain that regulate body temperature. Thereby, reduces fever.","https://images.apollo247.in/pub/media/catalog/product/N/E/NEO0292_1_1.jpg, https://images.apollo247.in/pub/media/catalog/product/N/E/NEO0292_2_1.jpg"
Mefkind-Ds Suspension 60ml,55.5,49.95,,62160,MEF0160,https://www.apollopharmacy.in/otc/mefkind-ds-suspension-60ml?doNotTrack=true,"Mefkind-Ds Suspension is used to relieve pain. Pain can be acute (temporary) or chronic (long-lasting). Acute pain is short-term and caused by damage to the tissues of the muscle, bone, or other organs. Chronic pain lasts for a long duration and is caused by pathologies like nerve damage, etc. It helps provide relief from symptoms of muscle pain and dental pain in children. Mefkind-Ds Suspension is also used to reduce fever.Mefkind-Ds Suspension is a combination medicine containing two drugs, namely, Mefenamic acid (NSAID) and Paracetamol (antipyretic). Mefenamic acid works by blocking the effect of a chemical known as prostaglandin, responsible for inducing pain and inflammation in our body. Paracetamol lowers the elevated body temperature and mild pain by inhibiting the synthesis of a chemical messenger (prostaglandin) and promoting heat loss (through sweating) that helps reset the hypothalamic thermostat.Mefkind-Ds Suspension may cause certain side effects in your child, such as abdominal pain, cold-like nose symptoms (in children), or diarrhoea (in children). These side effects do not require medical attention and gradually resolve over time. However, if the side effects persist or worsen, please consult your paediatrician. Mefkind-Ds Suspension should be taken as advised by your doctor. Do not give more than the prescribed dose of Mefkind-Ds Suspension to the child. Mefkind-Ds Suspension can be given with or without food. The dose of the medicine will be decided by your paediatrician depending on the type and severity of the infection.Mefkind-Ds Suspension is intended for pediatric use only. Avoid giving Mefkind-Ds Suspension to your child if she/he is allergic to antibiotics. Keep your doctor informed about your child’s health condition, including his current medications and medical history, to rule out any side effects/interactions. Before administration, inform your child’s doctor about liver and kidney disease. Mefkind-Ds Suspension is not recommended for use in children below six months of age as its safety and efficacy are not established.",Treatment of Pain and Fever,Oral suspension: Shake the container well before each use. Measure the required amount of this medicine into the measuring cup and administer it to your child. It is advised to measure the quantity accurately with a syringe or measuring spoon containing markings.,"Mefkind-Ds Suspension is a combination medicine of Mefenamic acid (an NSAID) and Paracetamol (an antipyretic). Ibuprofen works by blocking the effect of a chemical known as prostaglandin, which is responsible for inducing pain and inflammation in our body. Paracetamol lowers elevated body temperature and mild pain by inhibiting the synthesis of a chemical messenger (prostaglandin) and promoting heat loss (through sweating) that helps reset the hypothalamic thermostat.","Mefkind-Ds Suspension is a combination medicine containing two drugs, namely, Mefenamic acid (NSAID) and Paracetamol (antipyretic). Mefenamic acid works by blocking the effect of a chemical known as prostaglandin, responsible for inducing pain and inflammation in our body. Paracetamol lowers the elevated body temperature and mild pain by inhibiting the synthesis of a chemical messenger (prostaglandin) and promoting heat loss (through sweating) that helps reset the hypothalamic thermostat.","https://images.apollo247.in/pub/media/catalog/product/M/E/MEF0160_1_1.jpg, https://images.apollo247.in/pub/media/catalog/product/M/E/MEF0160_2_1.jpg"
Nicip MR Tablet 10's,117.0,105.3,,29708,NIC0007,https://www.apollopharmacy.in/otc/nicip-mr-tablet?doNotTrack=true,N/A,N/A,N/A,N/A,N/A,"https://images.apollo247.in/pub/media/catalog/product/N/I/NIC0007_1_1.jpg, https://images.apollo247.in/pub/media/catalog/product/N/I/NIC0007_2_1.jpg"
Pyrigesic 650 Tablet 15's,33.5,30.15,"['Fever', 'Pain relief']",90679,PYR0204,https://www.apollopharmacy.in/otc/pyrigesic-650-tab-15-s?doNotTrack=true,"Pyrigesic 650 Tablet  belongs to the group of medicines called analgesics (pain killers) and antipyretics (fever-reducing agents) used to reduce fever and treat mild to moderate pain. It is alsoused to relieve headaches, migraine, toothache, period pain, back pain, muscle pain, and rheumatic pain. Pain and fever are caused by the activation of pain receptors due to the release of certain natural chemicals in the body, like prostaglandin.Pyrigesic 650 Tablet  works by inhibiting the production of certain chemical messengers in the brain known as prostaglandins, reducing pain. Also, Pyrigesic 650 Tablet  affects an area of the brain that regulates body temperature, known as the hypothalamic heat-regulating centre, reducing fever.Take Pyrigesic 650 Tablet  as advised by your physician. Your doctor will recommend how often you need to take Pyrigesic 650 Tablet  based on your medical condition. In some cases, Pyrigesic 650 Tablet  may cause side effects such as nausea, stomach pain and dark-coloured urine. Most of these side effects of Pyrigesic 650 Tablet  do not require medical attention and gradually resolve over time. However, if the side effects persist or worsen, please consult your doctor.Avoid taking Pyrigesic 650 Tablet  if allergic to it. Pyrigesic 650 Tablet  is not recommended for children below 6 years of age. If you are pregnant or breastfeeding, please consult a physician before using Pyrigesic 650 Tablet . Avoid alcohol consumption with Pyrigesic 650 Tablet  as it may increase the risk of liver damage. If you have an impaired nutritional state caused by anorexia (eating disorder), malnutrition or alcohol abuse or if you are dehydrated, inform your doctor before taking Pyrigesic 650 Tablet .","Pyrigesic 650 Tablet  is used for Fever and pain relief. The detailed uses of Pyrigesic 650 Tablet  are as follows:•Pain Relief: Pyrigesic 650 Tablet  is commonly used to treat mild to moderate pain, including headaches, toothaches, muscle aches, and menstrual cramps. It works by suppressing the brain's production of prostaglandins, which induce pain.•Fever Reduction: Pyrigesic 650 Tablet  effectively reduces fever caused by infections or other conditions. It lowers the body's temperature by working on the hypothalamic heat-regulating area.•Cold and Flu Symptom Relief: Pyrigesic 650 Tablet  is also used to treat cold and flu symptoms such as body pains, fever, and headaches.•Post-Surgery Pain Management: Pyrigesic 650 Tablet  is used to treat post-surgery pain, especially when it is mild to moderate, as an alternative to heavier pain drugs.•Arthritis-related Pain: Pyrigesic 650 Tablet  is used to treat joint pain and discomfort caused by osteoarthritis and rheumatoid arthritis, reducing pain and inflammation.","Swallow it as a whole with a glass of water. It can be taken with or without food anytime. Do not crush, break or chew it.","Pyrigesic 650 Tablet  contains Paracetamol, an analgesic (pain killer) and antipyretic (reduces fever). It inhibits the production of certain chemical messengers in the brain known as prostaglandins, reducing pain. Also, Pyrigesic 650 Tablet  affects an area of the brain that regulates body temperature known as the hypothalamic heat-regulating centre, reducing fever.","Pyrigesic 650 Tablet  works by inhibiting the production of certain chemical messengers in the brain known as prostaglandins, reducing pain. Also, Pyrigesic 650 Tablet  affects an area of the brain that regulates body temperature, known as the hypothalamic heat-regulating centre, reducing fever.","https://images.apollo247.in/pub/media/catalog/product/P/Y/PYR0204_1_1.jpg, https://images.apollo247.in/pub/media/catalog/product/P/Y/PYR0204_2_1.jpg, https://images.apollo247.in/pub/media/catalog/product/P/Y/PYR0204_3_1.jpg"
Neomol Injection 2 ml,8.5,7.48,"['Pain ', 'Fever']",29266,NEO0091,https://www.apollopharmacy.in/otc/neomol-injection-2-ml?doNotTrack=true,"Neomol Injection 2 ml is used to relieve mild to moderate pain and to treat fever. Pain is a symptom triggered by the nervous system, which causes uncomfortable sensations in the body. Fever occurs when the body's temperature goes above the average body temperature (98.6°F or 37°C).Neomol Injection 2 ml contains 'Paracetamol,' which prevents the formation of chemical messengers called prostaglandins, which cause pain and swelling at the injury sites. This process reduces the mild to moderate pain and inflammation at the injured or damaged site. Neomol Injection 2 ml also affects an area of the brain that regulates body temperature known as the hypothalamic heat-regulating centre. Thus, it reduces fever.Your doctor will decide the dose and duration of Neomol Injection 2 ml based on the severity of your medical condition. Common side effects of Neomol Injection 2 ml include constipation, nausea, and vomiting. These side effects are not familiar to everyone and vary individually. If you notice any side effects that are not manageable, please consult your doctor.Please tell your doctor if you are allergic to any of the components of Neomol Injection 2 ml. Let your doctor know if you use any other painkillers before starting this medicine. Inform your doctor if you have liver or kidney diseases, malnutrition, dehydration, and a history of alcoholism before starting Neomol Injection 2 ml. It is essential to let your doctor know if you are pregnant, planning to conceive or are a breastfeeding mother. It is not recommended to consume alcohol while using Neomol Injection 2 ml.","Neomol Injection 2 ml is used in the treatment of Pain and Fever. The detailed uses of Neomol Injection 2 ml are as follows:• Pain Relief: Neomol Injection 2 ml is widely used to alleviate moderate to severe pain, including headaches, muscle pain, and joint discomfort.• Fever Reduction: Neomol Injection 2 ml is effective in reducing fever, making it helpful in managing illnesses where fever is a common symptom, such as infections.• Post-Operative Care: Neomol Injection 2 ml is frequently administered in hospital settings to manage pain following surgical procedures.• Treatment of Inflammation: Neomol Injection 2 ml anti-inflammatory effects aid in relieving symptoms caused by inflammatory conditions, providing overall comfort and relief.",Neomol Injection 2 ml will be injected by a healthcare professional. Do not self-administer.,"Neomol Injection 2 ml contains 'Paracetamol,' which is an analgesic (relieves pain) and an antipyretic (reduces fever). It prevents the formation of chemical messengers called prostaglandins, which cause pain and swelling at the injury sites. This process reduces the mild to moderate pain and inflammation at the injured or damaged site. Neomol Injection 2 ml also affects an area of the brain that regulates body temperature known as the hypothalamic heat-regulating centre. Thus, it reduces fever.","Neomol Injection 2 ml contains 'Paracetamol,' which prevents the formation of chemical messengers called prostaglandins, which cause pain and swelling at the injury sites. This process reduces the mild to moderate pain and inflammation at the injured or damaged site. Neomol Injection 2 ml also affects an area of the brain that regulates body temperature known as the hypothalaat-regulating centre. Thus, it reduces fever.","https://images.apollo247.in/pub/media/catalog/product/i/n/injection.jpg, https://images.apollo247.in/pub/media/catalog/product/n/e/neo0091_1.jpg, https://images.apollo247.in/pub/media/catalog/product/n/e/neo0091_2.jpg"
Paracip Injection 100 ml,617.0,555.3,"['Pain ', 'Fever']",26886,PAR0431,https://www.apollopharmacy.in/otc/paracip-injection-100-ml?doNotTrack=true,"Paracip Injection  is used to relieve mild to moderate pain and to treat fever. Pain is a symptom triggered by the nervous system, which causes uncomfortable sensations in the body. Fever occurs when the body's temperature goes above the average body temperature (98.6°F or 37°C).Paracip Injection  contains 'Paracetamol,' which prevents the formation of chemical messengers called prostaglandins, which cause pain and swelling at the injury sites. This process reduces the mild to moderate pain and inflammation at the injured or damaged site. Paracip Injection  also affects an area of the brain that regulates body temperature known as the hypothalamic heat-regulating centre. Thus, it reduces fever.Your doctor will decide the dose and duration of Paracip Injection  based on the severity of your medical condition. Common side effects of Paracip Injection  include constipation, nausea, and vomiting. These side effects are not familiar to everyone and vary individually. If you notice any side effects that are not manageable, please consult your doctor.Please tell your doctor if you are allergic to any of the components of Paracip Injection . Let your doctor know if you use any other painkillers before starting this medicine. Inform your doctor if you have liver or kidney diseases, malnutrition, dehydration, and a history of alcoholism before starting Paracip Injection . It is essential to let your doctor know if you are pregnant, planning to conceive or are a breastfeeding mother. It is not recommended to consume alcohol while using Paracip Injection .","Paracip Injection  is used in the treatment of Pain and Fever. The detailed uses of Paracip Injection  are as follows:• Pain Relief: Paracip Injection  is widely used to alleviate moderate to severe pain, including headaches, muscle pain, and joint discomfort.• Fever Reduction: Paracip Injection  is effective in reducing fever, making it helpful in managing illnesses where fever is a common symptom, such as infections.• Post-Operative Care: Paracip Injection  is frequently administered in hospital settings to manage pain following surgical procedures.• Treatment of Inflammation: Paracip Injection  anti-inflammatory effects aid in relieving symptoms caused by inflammatory conditions, providing overall comfort and relief.",Paracip Injection  will be injected by a healthcare professional. Do not self-administer.,"Paracip Injection  contains 'Paracetamol,' which is an analgesic (relieves pain) and an antipyretic (reduces fever). It prevents the formation of chemical messengers called prostaglandins, which cause pain and swelling at the injury sites. This process reduces the mild to moderate pain and inflammation at the injured or damaged site. Paracip Injection  also affects an area of the brain that regulates body temperature known as the hypothalamic heat-regulating centre. Thus, it reduces fever.","Paracip Injection  contains 'Paracetamol,' which prevents the formation of chemical messengers called prostaglandins, which cause pain and swelling at the injury sites. This process reduces the mild to moderate pain and inflammation at the injured or damaged site. Paracip Injection  also affects an area of the brain that regulates body temperature known as the hypothalaat-regulating centre. Thus, it reduces fever.","https://images.apollo247.in/pub/media/catalog/product/p/a/par0431.jpg, https://images.apollo247.in/pub/media/catalog/product/p/a/par0431_1.jpg"
PCM Infusion 100 ml,448.5,403.65,"['Pain ', 'Fever']",62688,PCM0012,https://www.apollopharmacy.in/otc/pcm-iv-100ml?doNotTrack=true,"PCM Infusion  is used to relieve mild to moderate pain and to treat fever. Pain is a symptom triggered by the nervous system, which causes uncomfortable sensations in the body. Fever occurs when the body's temperature goes above the average body temperature (98.6°F or 37°C).PCM Infusion  contains 'Paracetamol,' which prevents the formation of chemical messengers called prostaglandins, which cause pain and swelling at the injury sites. This process reduces the mild to moderate pain and inflammation at the injured or damaged site. PCM Infusion  also affects an area of the brain that regulates body temperature known as the hypothalamic heat-regulating centre. Thus, it reduces fever.Your doctor will decide the dose and duration of PCM Infusion  based on the severity of your medical condition. Common side effects of PCM Infusion  include constipation, nausea, and vomiting. These side effects are not familiar to everyone and vary individually. If you notice any side effects that are not manageable, please consult your doctor.Please tell your doctor if you are allergic to any of the components of PCM Infusion . Let your doctor know if you use any other painkillers before starting this medicine. Inform your doctor if you have liver or kidney diseases, malnutrition, dehydration, and a history of alcoholism before starting PCM Infusion . It is essential to let your doctor know if you are pregnant, planning to conceive or are a breastfeeding mother. It is not recommended to consume alcohol while using PCM Infusion .","PCM Infusion  is used in the treatment of Pain and Fever. The detailed uses of PCM Infusion  are as follows:• Pain Relief: PCM Infusion  is widely used to alleviate moderate to severe pain, including headaches, muscle pain, and joint discomfort.• Fever Reduction: PCM Infusion  is effective in reducing fever, making it helpful in managing illnesses where fever is a common symptom, such as infections.• Post-Operative Care: PCM Infusion  is frequently administered in hospital settings to manage pain following surgical procedures.• Treatment of Inflammation: PCM Infusion  anti-inflammatory effects aid in relieving symptoms caused by inflammatory conditions, providing overall comfort and relief.",PCM Infusion  will be injected by a healthcare professional. Do not self-administer.,"PCM Infusion  contains 'Paracetamol,' which is an analgesic (relieves pain) and an antipyretic (reduces fever). It prevents the formation of chemical messengers called prostaglandins, which cause pain and swelling at the injury sites. This process reduces the mild to moderate pain and inflammation at the injured or damaged site. PCM Infusion  also affects an area of the brain that regulates body temperature known as the hypothalamic heat-regulating centre. Thus, it reduces fever.","PCM Infusion  contains 'Paracetamol,' which prevents the formation of chemical messengers called prostaglandins, which cause pain and swelling at the injury sites. This process reduces the mild to moderate pain and inflammation at the injured or damaged site. PCM Infusion  also affects an area of the brain that regulates body temperature known as the hypothalaat-regulating centre. Thus, it reduces fever.","https://images.apollo247.in/pub/media/catalog/product/P/C/PCM0012_1.jpg, https://images.apollo247.in/pub/media/catalog/product/P/C/PCM0012_2.jpg, https://images.apollo247.in/pub/media/catalog/product/P/C/PCM0012_3.jpg"
Para-V-650 Tablet 10's,22.0,19.8,"['Fever', 'Pain relief']",116719,PAR0967,https://www.apollopharmacy.in/otc/para-v-650-tab-10-s?doNotTrack=true,"Para-V-650 Tablet  belongs to the group of medicines called analgesics (pain killers) and antipyretics (fever-reducing agents) used to reduce fever and treat mild to moderate pain. It is alsoused to relieve headaches, migraine, toothache, period pain, back pain, muscle pain, and rheumatic pain. Pain and fever are caused by the activation of pain receptors due to the release of certain natural chemicals in the body, like prostaglandin.Para-V-650 Tablet  works by inhibiting the production of certain chemical messengers in the brain known as prostaglandins, reducing pain. Also, Para-V-650 Tablet  affects an area of the brain that regulates body temperature, known as the hypothalamic heat-regulating centre, reducing fever.Take Para-V-650 Tablet  as advised by your physician. Your doctor will recommend how often you need to take Para-V-650 Tablet  based on your medical condition. In some cases, Para-V-650 Tablet  may cause side effects such as nausea, stomach pain and dark-coloured urine. Most of these side effects of Para-V-650 Tablet  do not require medical attention and gradually resolve over time. However, if the side effects persist or worsen, please consult your doctor.Avoid taking Para-V-650 Tablet  if allergic to it. Para-V-650 Tablet  is not recommended for children below 6 years of age. If you are pregnant or breastfeeding, please consult a physician before using Para-V-650 Tablet . Avoid alcohol consumption with Para-V-650 Tablet  as it may increase the risk of liver damage. If you have an impaired nutritional state caused by anorexia (eating disorder), malnutrition or alcohol abuse or if you are dehydrated, inform your doctor before taking Para-V-650 Tablet .","Para-V-650 Tablet  is used for Fever and pain relief. The detailed uses of Para-V-650 Tablet  are as follows:•Pain Relief: Para-V-650 Tablet  is commonly used to treat mild to moderate pain, including headaches, toothaches, muscle aches, and menstrual cramps. It works by suppressing the brain's production of prostaglandins, which induce pain.•Fever Reduction: Para-V-650 Tablet  effectively reduces fever caused by infections or other conditions. It lowers the body's temperature by working on the hypothalamic heat-regulating area.•Cold and Flu Symptom Relief: Para-V-650 Tablet  is also used to treat cold and flu symptoms such as body pains, fever, and headaches.•Post-Surgery Pain Management: Para-V-650 Tablet  is used to treat post-surgery pain, especially when it is mild to moderate, as an alternative to heavier pain drugs.•Arthritis-related Pain: Para-V-650 Tablet  is used to treat joint pain and discomfort caused by osteoarthritis and rheumatoid arthritis, reducing pain and inflammation.","Swallow it as a whole with a glass of water. It can be taken with or without food anytime. Do not crush, break or chew it.","Para-V-650 Tablet  contains Paracetamol, an analgesic (pain killer) and antipyretic (reduces fever). It inhibits the production of certain chemical messengers in the brain known as prostaglandins, reducing pain. Also, Para-V-650 Tablet  affects an area of the brain that regulates body temperature known as the hypothalamic heat-regulating centre, reducing fever.","Para-V-650 Tablet  works by inhibiting the production of certain chemical messengers in the brain known as prostaglandins, reducing pain. Also, Para-V-650 Tablet  affects an area of the brain that regulates body temperature, known as the hypothalamic heat-regulating centre, reducing fever.",https://images.apollo247.in/pub/media/pharma/tablet.jpg
Ngflam-P Tablet 10's,38.0,34.2,,111293,NGF0001,https://www.apollopharmacy.in/otc/ngflam-p-tab-10-s?doNotTrack=true,"Ngflam-P Tablet  is used to treat painful musculoskeletal joint conditions like osteoarthritis, rheumatoid arthritis, and ankylosing spondylitis.Ngflam-P Tablet  contains Diclofenac (analgesic) and Paracetamol (fever reducer/mild analgesic), effective against painful musculoskeletal pain, joint pain, and skeletal muscle spasms. Diclofenac works by blocking the action of a chemical messenger known as cyclo-oxygenase (COX), which causes pain and swelling at the injured or damaged tissue site. On the other hand, paracetamol acts as a mild analgesic (mild pain reducer) and antipyretic (fever reducer), enhancing Diclofenac's pain relief action. It also helps relieve toothache, ear pain, backache and other musculoskeletal-related pain.Ngflam-P Tablet  can be taken with or after the meal. Ngflam-P Tablet  may cause common side effects like stomach upset, dizziness, light-headedness, malaise, nausea, vomiting, liver dysfunction (hepatitis), pruritis (itchy skin), and rash, although not everybody gets them. Most of these side effects do not require medical attention and will resolve gradually. However, you are advised to talk to your doctor if the side effects persist or worsen.Ngflam-P Tablet  is not recommended during the last three months of pregnancy and for children. Inform your doctor if you are pregnant or breastfeeding before receiving this injection. Keep your doctor informed about your health condition and ongoing medicines to rule out any side effects/interactions. Stop taking this medicine if you experience symptoms like tightness of the chest, breathing difficulties, fever, skin rashes, increased heart rate, and or in case of any signs of hypersensitivity.","Treatment of Pain relief (Musculoskeletal pain, Osteoarthritis, Rheumatoid arthritis, Ankylosing spondylitis).","Swallow it as a whole with water; do not crush, break or chew it.","Ngflam-P Tablet  contains Diclofenac (analgesic) and Paracetamol (fever reducer/mild analgesic), effective against painful musculoskeletal pain, joint pain, and skeletal muscle spasms. Diclofenac works by blocking the action of a chemical messenger known as cyclo-oxygenase (COX), which causes pain and swelling at the injured or damaged tissue site. On the other hand, paracetamol acts as a mild analgesic (mild pain reducer) and antipyretic (fever reducer), enhancing Diclofenac's pain relief action. It also helps relieve toothache, ear pain, backache and other musculoskeletal-related pain.","Ngflam-P Tablet  contains Diclofenac (analgesic) and Paracetamol (fever reducer/mild analgesic), effective against painful musculoskeletal pain, joint pain, and skeletal muscle spasms. Diclofenac works by blocking the action of a chemical messenger known as cyclo-oxygenase (COX), which causes pain and swelling at the injured or damaged tissue site. On the other hand, paracetamol acts as a mild analgesic (mild pain reducer) and antipyretic (fever reducer), enhancing Diclofenac's pain relief action. It also helps relieve toothache, ear pain, backache and other musculoskeletal-related pain.",https://images.apollo247.in/pub/media/pharma/tablet.jpg
Fepanil 250 Banana Flavour Suspension 60ml,45.0,40.5,"['Fever', 'Pain relief']",19318,FEP0001,https://www.apollopharmacy.in/otc/fepanil-250mg-suspension-60ml?doNotTrack=true,"Fepanil 250 Banana Flavour Suspension is a non-steroidal anti-inflammatory drug (NSAID) used in relieving pain and fever. Pain can be acute (temporary) or chronic (long-lasting). Acute pain is a short time pain caused by damage to the tissues of the muscle, bone, or other organs. Chronic pain lasts for a long duration and is caused due to pathologies like nerve damage, etc. This medicine helps relieve symptoms of muscle pain and dental pain in children. Fever is a high body temperature followed by shivering, headache, and, in severe cases, delirium.Fepanil 250 Banana Flavour Suspension contains Paracetamol which belongs to the antipyretic and analgesic class of drugs. Paracetamol works by blocking the production of a chemical messenger (prostaglandin) and encouraging heat loss (through sweating), which helps reset the hypothalamus thermostat.Fepanil 250 Banana Flavour Suspension may cause certain side effects such as abdominal pain, cold-like symptoms, or diarrhoea. These side effects do not require medical attention and gradually resolve over time. However, if the side effects persist or worsen, please consult your paediatrician. Fepanil 250 Banana Flavour Suspension should be used as advised by your doctor. Do not give the child more than the prescribed dose of Fepanil 250 Banana Flavour Suspension. Fepanil 250 Banana Flavour Suspension can be given with or without food. Your paediatrician will decide the dose of the medicine depending upon the type and severity of the condition.Fepanil 250 Banana Flavour Suspension is intended for pediatric use only. Avoid giving Fepanil 250 Banana Flavour Suspension to your child if she/he is allergic to it. Keep your doctor informed about your child’s health condition, medications, and medical history to rule out any side effects/interactions. If your child has liver and kidney disease, inform your doctor before using this medicine. Fepanil 250 Banana Flavour Suspension is used in babies below two years of age.",Treatment of Pain and Fever,Shake the container well before each use. Measure the required amount of Fepanil 250 Banana Flavour Suspension and administer it to your baby. It is advised to measure the quantity accurately with the help of a syringe or dropper containing markings.,Fepanil 250 Banana Flavour Suspension contains Paracetamol as an active ingredient (antipyretic and analgesic). Paracetamol lowers the elevated body temperature and mild pain by inhibiting the synthesis of a chemical messenger (prostaglandin) and promoting heat loss (through sweating) that helps reset the hypothalamic thermostat.,"Fepanil 250 Banana Flavour Suspension contains Paracetamol which belongs to the antipyretic and analgesic class of drugs. Paracetamol works by blocking the production of a chemical messenger (prostaglandin) and encouraging heat loss (through sweating), which helps reset the hypothalamus thermostat.","https://images.apollo247.in/pub/media/catalog/product/F/E/FEP0001_1_1.jpg, https://images.apollo247.in/pub/media/catalog/product/F/E/FEP0001_2_1.jpg, https://images.apollo247.in/pub/media/catalog/product/F/E/FEP0001_3_1.jpg"
Metacin Tablet 15's,15.0,13.5,"['Fever', 'Pain relief']",34119,MET0110,https://www.apollopharmacy.in/otc/metacin-tablet?doNotTrack=true,"Metacin Tablet  belongs to the group of medicines called analgesics (pain killers) and antipyretics (fever-reducing agents) used to reduce fever and treat mild to moderate pain. It is alsoused to relieve headaches, migraine, toothache, period pain, back pain, muscle pain, and rheumatic pain. Pain and fever are caused by the activation of pain receptors due to the release of certain natural chemicals in the body, like prostaglandin.Metacin Tablet  works by inhibiting the production of certain chemical messengers in the brain known as prostaglandins, reducing pain. Also, Metacin Tablet  affects an area of the brain that regulates body temperature, known as the hypothalamic heat-regulating centre, reducing fever.Take Metacin Tablet  as advised by your physician. Your doctor will recommend how often you need to take Metacin Tablet  based on your medical condition. In some cases, Metacin Tablet  may cause side effects such as nausea, stomach pain and dark-coloured urine. Most of these side effects of Metacin Tablet  do not require medical attention and gradually resolve over time. However, if the side effects persist or worsen, please consult your doctor.Avoid taking Metacin Tablet  if allergic to it. Metacin Tablet  is not recommended for children below 6 years of age. If you are pregnant or breastfeeding, please consult a physician before using Metacin Tablet . Avoid alcohol consumption with Metacin Tablet  as it may increase the risk of liver damage. If you have an impaired nutritional state caused by anorexia (eating disorder), malnutrition or alcohol abuse or if you are dehydrated, inform your doctor before taking Metacin Tablet .","Metacin Tablet  is used for Fever and pain relief. The detailed uses of Metacin Tablet  are as follows:•Pain Relief: Metacin Tablet  is commonly used to treat mild to moderate pain, including headaches, toothaches, muscle aches, and menstrual cramps. It works by suppressing the brain's production of prostaglandins, which induce pain.•Fever Reduction: Metacin Tablet  effectively reduces fever caused by infections or other conditions. It lowers the body's temperature by working on the hypothalamic heat-regulating area.•Cold and Flu Symptom Relief: Metacin Tablet  is also used to treat cold and flu symptoms such as body pains, fever, and headaches.•Post-Surgery Pain Management: Metacin Tablet  is used to treat post-surgery pain, especially when it is mild to moderate, as an alternative to heavier pain drugs.•Arthritis-related Pain: Metacin Tablet  is used to treat joint pain and discomfort caused by osteoarthritis and rheumatoid arthritis, reducing pain and inflammation.","Swallow it as a whole with a glass of water. It can be taken with or without food anytime. Do not crush, break or chew it.","Metacin Tablet  contains Paracetamol, an analgesic (pain killer) and antipyretic (reduces fever). It inhibits the production of certain chemical messengers in the brain known as prostaglandins, reducing pain. Also, Metacin Tablet  affects an area of the brain that regulates body temperature known as the hypothalamic heat-regulating centre, reducing fever.","Metacin Tablet  works by inhibiting the production of certain chemical messengers in the brain known as prostaglandins, reducing pain. Also, Metacin Tablet  affects an area of the brain that regulates body temperature, known as the hypothalamic heat-regulating centre, reducing fever.","https://images.apollo247.in/pub/media/catalog/product/M/E/MET0110_1_1.jpg, https://images.apollo247.in/pub/media/catalog/product/M/E/MET0110_2_1.jpg"
Sinarest New Tablet 15's,120.0,108.0,"['Common cold', 'Allergies']",90714,SIN0204,https://www.apollopharmacy.in/otc/sinarest-new-tablet-15-s?doNotTrack=true,"Sinarest New Tablet  is used to treat symptoms of the common cold and allergies like sneezing, runny/stuffy nose, fever, headache, body pains, congestion, or watery eyes. The common cold is a respiratory illness affecting the nose and throat. It is mostly caused by viruses known as 'rhinovirus'. The virus enters the body through the nose, mouth or eyes and spreads easily through droplets in the air when the person who is sick sneezes, coughs or talks.Sinarest New Tablet  is a combination of three drugs, namely: Paracetamol (mild analgesic and antipyretic), Phenylephrine (decongestant) and Chlorpheniramine (antihistamine/antiallergic). Paracetamol is an analgesic (relieves pain) and antipyretic (reduces fever) that works by inhibiting the production of certain chemical messengers in the brain known as prostaglandins that are responsible for pain and fever. Phenylephrine belongs to the class of decongestants that works by shrinking the blood vessels in the nasal passage. Thus, it provides relief from congestion and decreases excess mucus production. Chlorpheniramine belongs to the class of antihistamines (anti-allergic drugs) that works by blocking the action of histamine, a substance responsible for causing allergic reactions.  It helps to provide relief from symptoms of allergies such as sneezing, running nose, watery eyes, itching, swelling, and nasal congestion.Take Sinarest New Tablet  as prescribed. Your doctor will recommend you how often you take Sinarest New Tablet  based on your medical condition. Some people may experience drowsiness, nervousness, headache, dizziness, insomnia (difficulty in falling or staying asleep), blurred vision, constipation and dry mouth. Most of these side effects of Sinarest New Tablet  do not require medical attention and gradually resolve over time. However, if the side effects persist or worsen, please consult your doctor.If you are allergic to Sinarest New Tablet  or any other medicines, please tell your doctor. If you are pregnant, it is advised to inform your doctor before using Sinarest New Tablet . Do not use Sinarest New Tablet  in breastfeeding mothers without a doctor’s advice as it may be excreted in breast milk and cause harm to the baby. Sinarest New Tablet  is not recommended for children below 4 years. Please do not take more than the prescribed dose of Sinarest New Tablet  as it may cause liver damage and can be lethal.  If you have high blood pressure, diabetes, glaucoma, hyperthyroidism (overactive thyroid), chronic bronchitis, asthma, chronic obstructive pulmonary disease (COPD), blockage in stomach or intestines, enlarged prostate gland, pheochromocytoma (tumour in the adrenal glands), kidney, liver, heart or urinary problems, inform your doctor before taking Sinarest New Tablet .","Sinarest New Tablet  is used in the treatment of Common cold and allergies. The detailed uses of Sinarest New Tablet  are as follows:•Cold Symptom Relief: Sinarest New Tablet  is commonly used to address symptoms of the common cold, such as nasal congestion, sneezing, and a runny nose, ensuring better comfort.•Fever Reduction: Sinarest New Tablet  contains ingredients that help lower fever, making it particularly effective for infections or colds accompanied by elevated body temperatures.•Managing Allergic Rhinitis: Sinarest New Tablet  effectively alleviates allergic rhinitis symptoms, including nasal itching, watery eyes, and sinus pressure.•Relieving Sinus Headaches: Sinarest New Tablet  can help ease sinus headaches caused by sinusitis by reducing nasal inflammation and congestion.•Cough Management: Sinarest New Tablet  provides relief from cough symptoms linked to colds or allergies by reducing mucus production and supporting respiratory health.","Take the medicine with or without food as advised by a doctor. Swallow it whole with a glass of water. Do not crush, chew, or break it.","Sinarest New Tablet  is a combination of three drugs: Paracetamol, Phenylephrine and Chlorpheniramine. Paracetamol is a mild analgesic (relieves pain) and antipyretic (reduces fever) that works by inhibiting the production of certain chemical messengers in the brain known as prostaglandins that are responsible for pain and fever. Phenylephrine belongs to the class of decongestants that work by contracting and narrowing the blood vessels. Thus, it provides relief from congestion and decreases mucus production. Chlorpheniramine is an antihistamine (anti-allergic drug) that works by blocking the action of histamine, a substance responsible for causing allergic reactions.  It helps to provide relief from symptoms of allergy such as sneezing, running nose, watery eyes, itching, swelling, and congestion or stiffness.","Sinarest New Tablet  is a combination of three drugs, namely: Paracetamol (mild analgesic and antipyretic), Phenylephrine (decongestant) and Chlorpheniramine (antihistamine/antiallergic). Paracetamol is an analgesic (relieves pain) and antipyretic (reduces fever) that works by inhibiting the production of certain chemical messengers in the brain known as prostaglandins that are responsible for pain and fever. Phenylephrine belongs to the class of decongestants that works by shrinking the blood vessels in the nasal passage. Thus, it provides relief from congestion and decreases excess mucus production. Chlorpheniramine belongs to the class of antihistamines (anti-allergic drugs) that works by blocking the action of histamine, a substance responsible for causing allergic reactions.  It helps to provide relief from symptoms of allergies such as sneezing, running nose, watery eyes, itching, swelling, and nasal congestion.","https://images.apollo247.in/pub/media/catalog/product/S/I/SIN0204_1_1.jpg, https://images.apollo247.in/pub/media/catalog/product/S/I/SIN0204_2_1.jpg, https://images.apollo247.in/pub/media/catalog/product/S/I/SIN0204_3_1.jpg"
Flexon Tablet 15's,34.0,30.6,,19724,FLE0007,https://www.apollopharmacy.in/otc/flexon-tablet?doNotTrack=true,"Flexon Tablet  is used to relieve symptoms of muscle pain, arthritis pain, dysmenorrhea (painful periods or menstrual cramps), and dental pain and reduces fever. Pain can be temporary (acute) or long-lasting (chronic). Acute pain is, for a short time, caused by damage to the tissues of the muscle, bone, or other organs. In contrast, chronic pain lasts for a long duration and is caused by pathologies like nerve damage, osteoarthritis, etc. Besides this, it is also useful for dental pain, which can occur due to damage to the tooth nerve, infection, decay, extraction or injury.Flexon Tablet  is composed of two medicines, namely Ibuprofen and Paracetamol. Ibuprofen is known to have an analgesic and anti-inflammatory effect for reducing mild to moderate pain. It works by blocking the effect of a chemical known as prostaglandin, responsible for inducing pain and inflammation in our body. Paracetamol acts as a mild analgesic and antipyretic (fever reducer). It lowers the elevated body temperature and mild pain by inhibiting the synthesis of a chemical messenger (prostaglandin) and promoting heat loss (through sweating) that helps reset the hypothalamic thermostat. Together, these two medicines help reduce mild to moderate pain in a shorter duration.Like all medicines, Flexon Tablet  may cause side effects, although not everybody gets them. Stop taking this medicine if you experience symptoms like tightness of the chest, breathing difficulties, fever, skin rashes, increased heart rate and or in case of any signs of hypersensitivity.Do not take Flexon Tablet  if you are allergic to painkillers like aspirin, ibuprofen, naproxen, or diclofenac. It is not recommended for use in children, people with liver disease, heart disease or gastric ulcers/bleeding problems. Flexon Tablet  may be associated with a small increase in the risk of heart attack (myocardial infarction). Avoid consumption of alcohol as it may damage your liver and cause increased side effects on taking this drug. Consult your doctor if your pain, inflammation, and fever symptoms do not disappear even after ten days.","Flexon Tablet  is used for the treatment of Pain and Fever. The detailed uses of Flexon Tablet  are as follows:•Pain Relief: Flexon Tablet  is widely used to alleviate mild to moderate pain, such as headaches, toothaches, menstrual cramps, and muscle aches.•Fever Reduction: Combining Ibuprofen and Paracetamol, Flexon Tablet  effectively reduces fever caused by infections or other health conditions.•Anti-inflammatory Benefits: Its anti-inflammatory properties make Flexon Tablet  valuable for managing inflammation and swelling in conditions like arthritis and other inflammatory diseases.•Post-Surgical Pain Management: Flexon Tablet  is often prescribed to manage pain and discomfort following surgical procedures, aiding recovery.•Managing Chronic Pain: Flexon Tablet  is sometimes included in chronic pain management plans, particularly for conditions like osteoarthritis or persistent back pain, under a healthcare professional's supervision.","Tablet: Use Flexon Tablet  as prescribed by your doctor. Take Flexon Tablet  with food to avoid stomach upset, and swallow the whole tablet with a glass of water. Do not break, crush or chew it.","Flexon Tablet  comprises Ibuprofen and Paracetamol primarily used to treat mild to moderate pain. Flexon Tablet  is prescribed mainly to treat pain and relieve discomfort caused by conditions like tooth pain, arthritis, period pain and other types of short-term pains. It helps treat pain by blocking the chemical messenger (prostaglandin) in the brain responsible for causing pain. Ibuprofen works by blocking the effect of a chemical known as prostaglandin, responsible for inducing pain and inflammation in our body. On the other hand, Paracetamol lowers the elevated body temperature and mild pain by inhibiting the synthesis of prostaglandin by promoting heat loss (through sweating) that helps reset the hypothalamic thermostat. Paracetamol has the advantage of producing less gastric irritation than other painkillers like aspirin.","Flexon Tablet  is composed of two medicines, namely Ibuprofen and Paracetamol. Ibuprofen is known to have an analgesic and anti-inflammatory effect for reducing mild to moderate pain. It works by blocking the effect of a chemical known as prostaglandin, responsible for inducing pain and inflammation in our body. Paracetamol acts as a mild analgesic and antipyretic (fever reducer). It lowers the elevated body temperature and mild pain by inhibiting the synthesis of a chemical messenger (prostaglandin) and promoting heat loss (through sweating) that helps reset the hypothalamic thermostat. Together, these two medicines help reduce mild to moderate pain in a shorter duration.","https://images.apollo247.in/pub/media/catalog/product/f/l/fle0007_1.jpg, https://images.apollo247.in/pub/media/catalog/product/f/l/fle0007.jpg"
Acton-OR Tablet 10's,60.5,60.5,"['Fever', 'Pain relief']",6377,ACT0038,https://www.apollopharmacy.in/otc/acton-or-tablet?doNotTrack=true,"Acton-OR Tablet  belongs to the group of medicines called analgesics (pain killers) and antipyretics (fever-reducing agents) used to reduce fever and treat mild to moderate pain. It is alsoused to relieve headaches, migraine, toothache, period pain, back pain, muscle pain, and rheumatic pain. Pain and fever are caused by the activation of pain receptors due to the release of certain natural chemicals in the body, like prostaglandin.Acton-OR Tablet  works by inhibiting the production of certain chemical messengers in the brain known as prostaglandins, reducing pain. Also, Acton-OR Tablet  affects an area of the brain that regulates body temperature, known as the hypothalamic heat-regulating centre, reducing fever.Take Acton-OR Tablet  as advised by your physician. Your doctor will recommend how often you need to take Acton-OR Tablet  based on your medical condition. In some cases, Acton-OR Tablet  may cause side effects such as nausea, stomach pain and dark-coloured urine. Most of these side effects of Acton-OR Tablet  do not require medical attention and gradually resolve over time. However, if the side effects persist or worsen, please consult your doctor.Avoid taking Acton-OR Tablet  if allergic to it. Acton-OR Tablet  is not recommended for children below 6 years of age. If you are pregnant or breastfeeding, please consult a physician before using Acton-OR Tablet . Avoid alcohol consumption with Acton-OR Tablet  as it may increase the risk of liver damage. If you have an impaired nutritional state caused by anorexia (eating disorder), malnutrition or alcohol abuse or if you are dehydrated, inform your doctor before taking Acton-OR Tablet .","Acton-OR Tablet  is used for Fever and pain relief. The detailed uses of Acton-OR Tablet  are as follows:•Pain Relief: Acton-OR Tablet  is commonly used to treat mild to moderate pain, including headaches, toothaches, muscle aches, and menstrual cramps. It works by suppressing the brain's production of prostaglandins, which induce pain.•Fever Reduction: Acton-OR Tablet  effectively reduces fever caused by infections or other conditions. It lowers the body's temperature by working on the hypothalamic heat-regulating area.•Cold and Flu Symptom Relief: Acton-OR Tablet  is also used to treat cold and flu symptoms such as body pains, fever, and headaches.•Post-Surgery Pain Management: Acton-OR Tablet  is used to treat post-surgery pain, especially when it is mild to moderate, as an alternative to heavier pain drugs.•Arthritis-related Pain: Acton-OR Tablet  is used to treat joint pain and discomfort caused by osteoarthritis and rheumatoid arthritis, reducing pain and inflammation.","Swallow it as a whole with a glass of water. It can be taken with or without food anytime. Do not crush, break or chew it.","Acton-OR Tablet  contains Paracetamol, an analgesic (pain killer) and antipyretic (reduces fever). It inhibits the production of certain chemical messengers in the brain known as prostaglandins, reducing pain. Also, Acton-OR Tablet  affects an area of the brain that regulates body temperature known as the hypothalamic heat-regulating centre, reducing fever.","Acton-OR Tablet  works by inhibiting the production of certain chemical messengers in the brain known as prostaglandins, reducing pain. Also, Acton-OR Tablet  affects an area of the brain that regulates body temperature, known as the hypothalamic heat-regulating centre, reducing fever.","https://images.apollo247.in/pub/media/catalog/product/A/C/ACT0038_1.jpg, https://images.apollo247.in/pub/media/catalog/product/A/C/ACT0038_2.jpg"
Meftagesic-DS Delicious Mango Flavour Suspension 60 ml,66.0,59.4,,33680,MEF0104,https://www.apollopharmacy.in/otc/meftagesic-ds-suspension-60ml?doNotTrack=true,"Meftagesic-DS Delicious Mango Flavour Suspension is used to relieve pain. Pain can be acute (temporary) or chronic (long-lasting). Acute pain is short-term and caused by damage to the tissues of the muscle, bone, or other organs. Chronic pain lasts for a long duration and is caused by pathologies like nerve damage, etc. It helps provide relief from symptoms of muscle pain and dental pain in children. Meftagesic-DS Delicious Mango Flavour Suspension is also used to reduce fever.Meftagesic-DS Delicious Mango Flavour Suspension is a combination medicine containing two drugs, namely, Mefenamic acid (NSAID) and Paracetamol (antipyretic). Mefenamic acid works by blocking the effect of a chemical known as prostaglandin, responsible for inducing pain and inflammation in our body. Paracetamol lowers the elevated body temperature and mild pain by inhibiting the synthesis of a chemical messenger (prostaglandin) and promoting heat loss (through sweating) that helps reset the hypothalamic thermostat.Meftagesic-DS Delicious Mango Flavour Suspension may cause certain side effects in your child, such as abdominal pain, cold-like nose symptoms (in children), or diarrhoea (in children). These side effects do not require medical attention and gradually resolve over time. However, if the side effects persist or worsen, please consult your paediatrician. Meftagesic-DS Delicious Mango Flavour Suspension should be taken as advised by your doctor. Do not give more than the prescribed dose of Meftagesic-DS Delicious Mango Flavour Suspension to the child. Meftagesic-DS Delicious Mango Flavour Suspension can be given with or without food. The dose of the medicine will be decided by your paediatrician depending on the type and severity of the infection.Meftagesic-DS Delicious Mango Flavour Suspension is intended for pediatric use only. Avoid giving Meftagesic-DS Delicious Mango Flavour Suspension to your child if she/he is allergic to antibiotics. Keep your doctor informed about your child’s health condition, including his current medications and medical history, to rule out any side effects/interactions. Before administration, inform your child’s doctor about liver and kidney disease. Meftagesic-DS Delicious Mango Flavour Suspension is not recommended for use in children below six months of age as its safety and efficacy are not established.",Treatment of Pain and Fever,Oral suspension: Shake the container well before each use. Measure the required amount of this medicine into the measuring cup and administer it to your child. It is advised to measure the quantity accurately with a syringe or measuring spoon containing markings.,"Meftagesic-DS Delicious Mango Flavour Suspension is a combination medicine of Mefenamic acid (an NSAID) and Paracetamol (an antipyretic). Ibuprofen works by blocking the effect of a chemical known as prostaglandin, which is responsible for inducing pain and inflammation in our body. Paracetamol lowers elevated body temperature and mild pain by inhibiting the synthesis of a chemical messenger (prostaglandin) and promoting heat loss (through sweating) that helps reset the hypothalamic thermostat.","Meftagesic-DS Delicious Mango Flavour Suspension is a combination medicine containing two drugs, namely, Mefenamic acid (NSAID) and Paracetamol (antipyretic). Mefenamic acid works by blocking the effect of a chemical known as prostaglandin, responsible for inducing pain and inflammation in our body. Paracetamol lowers the elevated body temperature and mild pain by inhibiting the synthesis of a chemical messenger (prostaglandin) and promoting heat loss (through sweating) that helps reset the hypothalamic thermostat.","https://images.apollo247.in/pub/media/catalog/product/M/E/MEF0104_1_1.jpg, https://images.apollo247.in/pub/media/catalog/product/M/E/MEF0104_2_1.jpg, https://images.apollo247.in/pub/media/catalog/product/M/E/MEF0104_3_1.jpg"
Sumol 650 Tablet 15's,33.5,30.15,"['Fever', 'Pain relief']",55960,SUM0091,https://www.apollopharmacy.in/otc/sumo-l-650mg-tablet-15-s?doNotTrack=true,"Sumol 650 Tablet  belongs to the group of medicines called analgesics (pain killers) and antipyretics (fever-reducing agents) used to reduce fever and treat mild to moderate pain. It is alsoused to relieve headaches, migraine, toothache, period pain, back pain, muscle pain, and rheumatic pain. Pain and fever are caused by the activation of pain receptors due to the release of certain natural chemicals in the body, like prostaglandin.Sumol 650 Tablet  works by inhibiting the production of certain chemical messengers in the brain known as prostaglandins, reducing pain. Also, Sumol 650 Tablet  affects an area of the brain that regulates body temperature, known as the hypothalamic heat-regulating centre, reducing fever.Take Sumol 650 Tablet  as advised by your physician. Your doctor will recommend how often you need to take Sumol 650 Tablet  based on your medical condition. In some cases, Sumol 650 Tablet  may cause side effects such as nausea, stomach pain and dark-coloured urine. Most of these side effects of Sumol 650 Tablet  do not require medical attention and gradually resolve over time. However, if the side effects persist or worsen, please consult your doctor.Avoid taking Sumol 650 Tablet  if allergic to it. Sumol 650 Tablet  is not recommended for children below 6 years of age. If you are pregnant or breastfeeding, please consult a physician before using Sumol 650 Tablet . Avoid alcohol consumption with Sumol 650 Tablet  as it may increase the risk of liver damage. If you have an impaired nutritional state caused by anorexia (eating disorder), malnutrition or alcohol abuse or if you are dehydrated, inform your doctor before taking Sumol 650 Tablet .","Sumol 650 Tablet  is used for Fever and pain relief. The detailed uses of Sumol 650 Tablet  are as follows:•Pain Relief: Sumol 650 Tablet  is commonly used to treat mild to moderate pain, including headaches, toothaches, muscle aches, and menstrual cramps. It works by suppressing the brain's production of prostaglandins, which induce pain.•Fever Reduction: Sumol 650 Tablet  effectively reduces fever caused by infections or other conditions. It lowers the body's temperature by working on the hypothalamic heat-regulating area.•Cold and Flu Symptom Relief: Sumol 650 Tablet  is also used to treat cold and flu symptoms such as body pains, fever, and headaches.•Post-Surgery Pain Management: Sumol 650 Tablet  is used to treat post-surgery pain, especially when it is mild to moderate, as an alternative to heavier pain drugs.•Arthritis-related Pain: Sumol 650 Tablet  is used to treat joint pain and discomfort caused by osteoarthritis and rheumatoid arthritis, reducing pain and inflammation.","Swallow it as a whole with a glass of water. It can be taken with or without food anytime. Do not crush, break or chew it.","Sumol 650 Tablet  contains Paracetamol, an analgesic (pain killer) and antipyretic (reduces fever). It inhibits the production of certain chemical messengers in the brain known as prostaglandins, reducing pain. Also, Sumol 650 Tablet  affects an area of the brain that regulates body temperature known as the hypothalamic heat-regulating centre, reducing fever.","Sumol 650 Tablet  works by inhibiting the production of certain chemical messengers in the brain known as prostaglandins, reducing pain. Also, Sumol 650 Tablet  affects an area of the brain that regulates body temperature, known as the hypothalamic heat-regulating centre, reducing fever.","https://images.apollo247.in/pub/media/catalog/product/S/U/SUM0091_1_1.jpg, https://images.apollo247.in/pub/media/catalog/product/S/U/SUM0091_2_1.jpg"
Pacimol MF 250 Suspension 60 ml,82.5,74.25,,26295,PAC0175,https://www.apollopharmacy.in/otc/pacimol-mf-suspension-60ml?doNotTrack=true,"Pacimol MF 250 Suspension is used to relieve pain. Pain can be acute (temporary) or chronic (long-lasting). Acute pain is short-term and caused by damage to the tissues of the muscle, bone, or other organs. Chronic pain lasts for a long duration and is caused by pathologies like nerve damage, etc. It helps provide relief from symptoms of muscle pain and dental pain in children. Pacimol MF 250 Suspension is also used to reduce fever.Pacimol MF 250 Suspension is a combination medicine containing two drugs, namely, Mefenamic acid (NSAID) and Paracetamol (antipyretic). Mefenamic acid works by blocking the effect of a chemical known as prostaglandin, responsible for inducing pain and inflammation in our body. Paracetamol lowers the elevated body temperature and mild pain by inhibiting the synthesis of a chemical messenger (prostaglandin) and promoting heat loss (through sweating) that helps reset the hypothalamic thermostat.Pacimol MF 250 Suspension may cause certain side effects in your child, such as abdominal pain, cold-like nose symptoms (in children), or diarrhoea (in children). These side effects do not require medical attention and gradually resolve over time. However, if the side effects persist or worsen, please consult your paediatrician. Pacimol MF 250 Suspension should be taken as advised by your doctor. Do not give more than the prescribed dose of Pacimol MF 250 Suspension to the child. Pacimol MF 250 Suspension can be given with or without food. The dose of the medicine will be decided by your paediatrician depending on the type and severity of the infection.Pacimol MF 250 Suspension is intended for pediatric use only. Avoid giving Pacimol MF 250 Suspension to your child if she/he is allergic to antibiotics. Keep your doctor informed about your child’s health condition, including his current medications and medical history, to rule out any side effects/interactions. Before administration, inform your child’s doctor about liver and kidney disease. Pacimol MF 250 Suspension is not recommended for use in children below six months of age as its safety and efficacy are not established.",Treatment of Pain and Fever,Oral suspension: Shake the container well before each use. Measure the required amount of this medicine into the measuring cup and administer it to your child. It is advised to measure the quantity accurately with a syringe or measuring spoon containing markings.,"Pacimol MF 250 Suspension is a combination medicine of Mefenamic acid (an NSAID) and Paracetamol (an antipyretic). Ibuprofen works by blocking the effect of a chemical known as prostaglandin, which is responsible for inducing pain and inflammation in our body. Paracetamol lowers elevated body temperature and mild pain by inhibiting the synthesis of a chemical messenger (prostaglandin) and promoting heat loss (through sweating) that helps reset the hypothalamic thermostat.","Pacimol MF 250 Suspension is a combination medicine containing two drugs, namely, Mefenamic acid (NSAID) and Paracetamol (antipyretic). Mefenamic acid works by blocking the effect of a chemical known as prostaglandin, responsible for inducing pain and inflammation in our body. Paracetamol lowers the elevated body temperature and mild pain by inhibiting the synthesis of a chemical messenger (prostaglandin) and promoting heat loss (through sweating) that helps reset the hypothalamic thermostat.","https://images.apollo247.in/pub/media/catalog/product/P/A/PAC0175_1_1.jpg, https://images.apollo247.in/pub/media/catalog/product/P/A/PAC0175_2_1.jpg, https://images.apollo247.in/pub/media/catalog/product/P/A/PAC0175_3_1.jpg"
P 125 mg Tablet 10's,13.0,11.7,"['Fever', 'Pain relief']",26236,P120003,https://www.apollopharmacy.in/otc/p-125-mg-tablet-10-s?doNotTrack=true,"P 125 mg Tablet  belongs to the group of medicines called analgesics (pain killers) and antipyretics (fever-reducing agents) used to reduce fever and treat mild to moderate pain. It is alsoused to relieve headaches, migraine, toothache, period pain, back pain, muscle pain, and rheumatic pain. Pain and fever are caused by the activation of pain receptors due to the release of certain natural chemicals in the body, like prostaglandin.P 125 mg Tablet  works by inhibiting the production of certain chemical messengers in the brain known as prostaglandins, reducing pain. Also, P 125 mg Tablet  affects an area of the brain that regulates body temperature, known as the hypothalamic heat-regulating centre, reducing fever.Take P 125 mg Tablet  as advised by your physician. Your doctor will recommend how often you need to take P 125 mg Tablet  based on your medical condition. In some cases, P 125 mg Tablet  may cause side effects such as nausea, stomach pain and dark-coloured urine. Most of these side effects of P 125 mg Tablet  do not require medical attention and gradually resolve over time. However, if the side effects persist or worsen, please consult your doctor.Avoid taking P 125 mg Tablet  if allergic to it. P 125 mg Tablet  is not recommended for children below 6 years of age. If you are pregnant or breastfeeding, please consult a physician before using P 125 mg Tablet . Avoid alcohol consumption with P 125 mg Tablet  as it may increase the risk of liver damage. If you have an impaired nutritional state caused by anorexia (eating disorder), malnutrition or alcohol abuse or if you are dehydrated, inform your doctor before taking P 125 mg Tablet .","P 125 mg Tablet  is used for Fever and pain relief. The detailed uses of P 125 mg Tablet  are as follows:•Pain Relief: P 125 mg Tablet  is commonly used to treat mild to moderate pain, including headaches, toothaches, muscle aches, and menstrual cramps. It works by suppressing the brain's production of prostaglandins, which induce pain.•Fever Reduction: P 125 mg Tablet  effectively reduces fever caused by infections or other conditions. It lowers the body's temperature by working on the hypothalamic heat-regulating area.•Cold and Flu Symptom Relief: P 125 mg Tablet  is also used to treat cold and flu symptoms such as body pains, fever, and headaches.•Post-Surgery Pain Management: P 125 mg Tablet  is used to treat post-surgery pain, especially when it is mild to moderate, as an alternative to heavier pain drugs.•Arthritis-related Pain: P 125 mg Tablet  is used to treat joint pain and discomfort caused by osteoarthritis and rheumatoid arthritis, reducing pain and inflammation.","Swallow it as a whole with a glass of water. It can be taken with or without food anytime. Do not crush, break or chew it.","P 125 mg Tablet  contains Paracetamol, an analgesic (pain killer) and antipyretic (reduces fever). It inhibits the production of certain chemical messengers in the brain known as prostaglandins, reducing pain. Also, P 125 mg Tablet  affects an area of the brain that regulates body temperature known as the hypothalamic heat-regulating centre, reducing fever.","P 125 mg Tablet  works by inhibiting the production of certain chemical messengers in the brain known as prostaglandins, reducing pain. Also, P 125 mg Tablet  affects an area of the brain that regulates body temperature, known as the hypothalamic heat-regulating centre, reducing fever.","https://images.apollo247.in/pub/media/catalog/product/p/1/p120003.jpg, https://images.apollo247.in/pub/media/catalog/product/p/1/p120003_1.jpg, https://images.apollo247.in/pub/media/catalog/product/p/1/p120003_2.jpg"
Algina 650 mg Tablet 10's,12.5,11.25,"['Fever', 'Pain relief']",6988,ALG0016,https://www.apollopharmacy.in/otc/algina-650-mg-tablet-10-s?doNotTrack=true,"Algina 650 mg Tablet  belongs to the group of medicines called analgesics (pain killers) and antipyretics (fever-reducing agents) used to reduce fever and treat mild to moderate pain. It is alsoused to relieve headaches, migraine, toothache, period pain, back pain, muscle pain, and rheumatic pain. Pain and fever are caused by the activation of pain receptors due to the release of certain natural chemicals in the body, like prostaglandin.Algina 650 mg Tablet  works by inhibiting the production of certain chemical messengers in the brain known as prostaglandins, reducing pain. Also, Algina 650 mg Tablet  affects an area of the brain that regulates body temperature, known as the hypothalamic heat-regulating centre, reducing fever.Take Algina 650 mg Tablet  as advised by your physician. Your doctor will recommend how often you need to take Algina 650 mg Tablet  based on your medical condition. In some cases, Algina 650 mg Tablet  may cause side effects such as nausea, stomach pain and dark-coloured urine. Most of these side effects of Algina 650 mg Tablet  do not require medical attention and gradually resolve over time. However, if the side effects persist or worsen, please consult your doctor.Avoid taking Algina 650 mg Tablet  if allergic to it. Algina 650 mg Tablet  is not recommended for children below 6 years of age. If you are pregnant or breastfeeding, please consult a physician before using Algina 650 mg Tablet . Avoid alcohol consumption with Algina 650 mg Tablet  as it may increase the risk of liver damage. If you have an impaired nutritional state caused by anorexia (eating disorder), malnutrition or alcohol abuse or if you are dehydrated, inform your doctor before taking Algina 650 mg Tablet .","Algina 650 mg Tablet  is used for Fever and pain relief. The detailed uses of Algina 650 mg Tablet  are as follows:•Pain Relief: Algina 650 mg Tablet  is commonly used to treat mild to moderate pain, including headaches, toothaches, muscle aches, and menstrual cramps. It works by suppressing the brain's production of prostaglandins, which induce pain.•Fever Reduction: Algina 650 mg Tablet  effectively reduces fever caused by infections or other conditions. It lowers the body's temperature by working on the hypothalamic heat-regulating area.•Cold and Flu Symptom Relief: Algina 650 mg Tablet  is also used to treat cold and flu symptoms such as body pains, fever, and headaches.•Post-Surgery Pain Management: Algina 650 mg Tablet  is used to treat post-surgery pain, especially when it is mild to moderate, as an alternative to heavier pain drugs.•Arthritis-related Pain: Algina 650 mg Tablet  is used to treat joint pain and discomfort caused by osteoarthritis and rheumatoid arthritis, reducing pain and inflammation.","Swallow it as a whole with a glass of water. It can be taken with or without food anytime. Do not crush, break or chew it.","Algina 650 mg Tablet  contains Paracetamol, an analgesic (pain killer) and antipyretic (reduces fever). It inhibits the production of certain chemical messengers in the brain known as prostaglandins, reducing pain. Also, Algina 650 mg Tablet  affects an area of the brain that regulates body temperature known as the hypothalamic heat-regulating centre, reducing fever.","Algina 650 mg Tablet  works by inhibiting the production of certain chemical messengers in the brain known as prostaglandins, reducing pain. Also, Algina 650 mg Tablet  affects an area of the brain that regulates body temperature, known as the hypothalamic heat-regulating centre, reducing fever.","https://images.apollo247.in/pub/media/catalog/product/A/L/ALG0016_1_1.jpg, https://images.apollo247.in/pub/media/catalog/product/A/L/ALG0016_2_1.jpg, https://images.apollo247.in/pub/media/catalog/product/A/L/ALG0016_3_1.jpg"
Acepra Tablet 10's,52.0,46.8,,58706,ACE0239,https://www.apollopharmacy.in/otc/acepra-100-325mg-tablet-10-s?doNotTrack=true,"Acepra Tablet  is used to reduce pain and inflammation. The pain is an unpleasant sensory and emotional experience associated with actual or potential tissue damage. Inflammation is a localized physical condition in which part of the body becomes reddened, swollen, hot and often painful, especially as a reaction to injury or infection.Acepra Tablet  is composed of two medicines: Aceclofenac (pain reducer) and Paracetamol (fever reducer). Acepra Tablet  helps in relieving pain from conditions like headaches, mild migraine, muscle pain, dental pain, rheumatoid arthritis, ankylosing spondylitis, and osteoarthritis. Aceclofenac and Paracetamol both work by blocking the chemical messengers responsible for causing pain, inflammation, and fever.Acepra Tablet  may cause side effects like dizziness, nausea (feeling sick), digestion problems (constipation, flatulence, diarrhoea) and skin reactions (like rashes and hives). Most of the side effects of Acepra Tablet  do not require medical attention and gradually resolve over time. However, if the side effects are persistent, reach out to your doctor.Taking more than the daily prescribed dose of Acepra Tablet  may cause liver damage or allergic reactions like swelling of the mouth, face, throat, difficulty in breathing, skin rash, itching, gastrointestinal bleeding and/or ulcer. Use this medicine in the prescribed doses and seek immediate medical help if you experience such symptoms.","Treatment of Pain, Inflammation and fever.","Acepra Tablet  should be swallowed whole with liquid, preferably after meals, as food helps to prevent any potential gastric irritation the drug might cause when taken on an empty stomach.","Acepra Tablet  helps to reduce pain and inflammation caused by various complications or conditions. It significantly works on providing relief from pain for extended hours. It contains paracetamol, which is less irritant to the stomach than other painkillers. Hence, it is well tolerated by patients who have an allergy to aspirin or a risk of gastrointestinal bleeding or ulcer formation. Besides this, it does not affect bleeding time and also helps in reducing fever due to pain or swelling.","Acepra Tablet  is composed of two medicines: Aceclofenac (pain reducer) and Paracetamol (fever reducer). Acepra Tablet  helps in relieving pain from conditions like headaches, mild migraine, muscle pain, dental pain, rheumatoid arthritis, ankylosing spondylitis, and osteoarthritis. Aceclofenac and Paracetamol both work by blocking the chemical messengers responsible for causing pain, inflammation, and fever.","https://images.apollo247.in/pub/media/catalog/product/a/c/ace0239.jpg, https://images.apollo247.in/pub/media/catalog/product/a/c/ace0239_1.jpg, https://images.apollo247.in/pub/media/catalog/product/a/c/ace0239_2.jpg, https://images.apollo247.in/pub/media/catalog/product/a/c/ace0239_3.jpg, https://images.apollo247.in/pub/media/catalog/product/a/c/ace0239_4.jpg"
Stanac SP Tablet 10's,88.0,79.2,,50631,STA0513,https://www.apollopharmacy.in/otc/stanac-sp-tablet?doNotTrack=true,"Stanac SP Tablet  belongs to the class of drugs known as 'non-steroidal anti-inflammatory drugs' (NSAID). It is a fixed-dose combination composed of aceclofenac, paracetamol and serratiopeptidase. Stanac SP Tablet  is used in the reduction of pain and inflammation due to bone or soft tissue injury, resolution of postoperative inflammation, oedema (swollen tissue with fluid) and pain. Aceclofenac works by blocking the action of an enzyme known as cyclo-oxygenase (COX), which causes pain and swelling in the injured or damaged tissue. Paracetamol acts as a mild analgesic (pain reducer) and antipyretic (fever reducer), which enhances the pain relief action of aceclofenac. Serratiopeptidase is an enzyme which helps in the breakdown of a protein (fibrin) which is formed as a by-product of the clotted blood at the site of injury. It thus causes thinning of the fluids around the site of injury thereby making fluid drainage smoother in the swollen tissue.Pain can be temporary (acute) or lifelong (chronic) in nature. Acute pain is, for a short time, caused by damage to the tissues of the muscle, bone or organs. Chronic pain lasts for life and is caused by nerve damage, osteoarthritis and dental pain due to damage to the tooth nerve, infection, decay, extraction or injury. There are different types of musculoskeletal pain caused due to soft tissue (muscle, tendon and ligaments) injury. Extreme tissue pain and inflammation caused due to sprains, strains or trauma or post-surgery may require a prolonged amount of time to heal.You can take Stanac SP Tablet  with food or without food. It should be swallowed whole with a glass of water. Do not chew, bite or break it. Your doctor will advise you on how often you take your tablets based on your medical condition.  Most of the side effects of Stanac SP Tablet  do not require medical attention and gradually resolve over time. Common side effects include nausea, vomiting, indigestion, stomach pain, etc. However, if the side effects are persistent, reach out to your doctor.Try not to stop taking this medicine of your own. Do not take Stanac SP Tablet  if you are allergic to painkillers like aspirin, ibuprofen, naproxen, or diclofenac. It is not recommended for use in children. It is advisable not to exceed the recommended dose or duration of treatment.","Stanac SP Tablet  is used to treat pain after any injury, Low back pain, Cervical pain, Spondylitis, Osteoarthritis, Rheumatoid arthritis, etc. The detailed uses of Stanac SP Tablet  are as follows:•Pain Relief: Stanac SP Tablet  relieves mild to moderate pain, such as headaches, toothaches, and post-surgical pain, effectively controlling numerous acute pain disorders.•Anti-Inflammatory: Stanac SP Tablet  also serves to reduce swelling. Because it contains aceclofenac, it has anti-inflammatory characteristics and helps treat inflammatory disorders such as arthritis or sports injuries.•Fever Reduction: Paracetamol in the Stanac SP Tablet  composition, which acts as an antipyretic, helps to reduce fever in various types of situations, including illnesses and infections.•Post-Surgical Pain Management: Stanac SP Tablet  aids in managing post-operative pain, making recovery more comfortable and reducing patient discomfort after surgery.•Management of Musculoskeletal Disorders: Stanac SP Tablet  relieves pain and discomfort caused by musculoskeletal disorders such as lower back pain and joint pain, increasing the quality of life for persons suffering from chronic pain.","Swallow it as a whole with water; do not crush, break or chew it.","Stanac SP Tablet  consists of aceclofenac, paracetamol and serratiopeptidase. Aceclofenac works by blocking the action of an enzyme known as cyclo-oxygenase (COX), which causes pain and swelling in the injured or damaged tissue. Paracetamol acts as a mild analgesic (pain reducer) and antipyretic (fever reducer), which enhances the pain relief action of aceclofenac. Serratiopeptidase causes thinning of the fluids around the site of injury, thereby making fluid drainage smoother in the swollen tissue. Together, these not only reduce pain and inflammation but also help with faster healing.","Stanac SP Tablet  belongs to the class of drugs known as 'non-steroidal anti-inflammatory drugs' (NSAID). It is a fixed-dose combination composed of aceclofenac, paracetamol and serratiopeptidase. Stanac SP Tablet  is used in the reduction of pain and inflammation due to bone or soft tissue injury, resolution of postoperative inflammation, oedema (swollen tissue with fluid) and pain. Aceclofenac works by blocking the action of an enzyme known as cyclo-oxygenase (COX), which causes pain and swelling in the injured or damaged tissue. Paracetamol acts as a mild analgesic (pain reducer) and antipyretic (fever reducer), which enhances the pain relief action of aceclofenac. Serratiopeptidase is an enzyme which helps in the breakdown of a protein (fibrin) which is formed as a by-product of the clotted blood at the site of injury. It thus causes thinning of the fluids around the site of injury thereby making fluid drainage smoother in the swollen tissue.",https://images.apollo247.in/pub/media/catalog/product/t/a/tablet.jpg
Mefprex-P Suspension 60 ml,51.0,45.9,,70867,MEF0141,https://www.apollopharmacy.in/otc/mefprex-p-suspension-60ml?doNotTrack=true,"Mefprex-P Suspension is used to relieve pain. Pain can be acute (temporary) or chronic (long-lasting). Acute pain is short-term and caused by damage to the tissues of the muscle, bone, or other organs. Chronic pain lasts for a long duration and is caused by pathologies like nerve damage, etc. It helps provide relief from symptoms of muscle pain and dental pain in children. Mefprex-P Suspension is also used to reduce fever.Mefprex-P Suspension is a combination medicine containing two drugs, namely, Mefenamic acid (NSAID) and Paracetamol (antipyretic). Mefenamic acid works by blocking the effect of a chemical known as prostaglandin, responsible for inducing pain and inflammation in our body. Paracetamol lowers the elevated body temperature and mild pain by inhibiting the synthesis of a chemical messenger (prostaglandin) and promoting heat loss (through sweating) that helps reset the hypothalamic thermostat.Mefprex-P Suspension may cause certain side effects in your child, such as abdominal pain, cold-like nose symptoms (in children), or diarrhoea (in children). These side effects do not require medical attention and gradually resolve over time. However, if the side effects persist or worsen, please consult your paediatrician. Mefprex-P Suspension should be taken as advised by your doctor. Do not give more than the prescribed dose of Mefprex-P Suspension to the child. Mefprex-P Suspension can be given with or without food. The dose of the medicine will be decided by your paediatrician depending on the type and severity of the infection.Mefprex-P Suspension is intended for pediatric use only. Avoid giving Mefprex-P Suspension to your child if she/he is allergic to antibiotics. Keep your doctor informed about your child’s health condition, including his current medications and medical history, to rule out any side effects/interactions. Before administration, inform your child’s doctor about liver and kidney disease. Mefprex-P Suspension is not recommended for use in children below six months of age as its safety and efficacy are not established.",Treatment of Pain and Fever,Oral suspension: Shake the container well before each use. Measure the required amount of this medicine into the measuring cup and administer it to your child. It is advised to measure the quantity accurately with a syringe or measuring spoon containing markings.,"Mefprex-P Suspension is a combination medicine of Mefenamic acid (an NSAID) and Paracetamol (an antipyretic). Ibuprofen works by blocking the effect of a chemical known as prostaglandin, which is responsible for inducing pain and inflammation in our body. Paracetamol lowers elevated body temperature and mild pain by inhibiting the synthesis of a chemical messenger (prostaglandin) and promoting heat loss (through sweating) that helps reset the hypothalamic thermostat.","Mefprex-P Suspension is a combination medicine containing two drugs, namely, Mefenamic acid (NSAID) and Paracetamol (antipyretic). Mefenamic acid works by blocking the effect of a chemical known as prostaglandin, responsible for inducing pain and inflammation in our body. Paracetamol lowers the elevated body temperature and mild pain by inhibiting the synthesis of a chemical messenger (prostaglandin) and promoting heat loss (through sweating) that helps reset the hypothalamic thermostat.",https://images.apollo247.in/pub/media/pharma/suspension.jpg
Notra-Flam Tablet 10's,130.0,117.0,,111375,NOT0042,https://www.apollopharmacy.in/otc/notra-flam-tab-10-s?doNotTrack=true,"Notra-Flam Tablet  belongs to the class of drugs known as 'non-steroidal anti-inflammatory drugs' (NSAID). It is a fixed-dose combination composed of aceclofenac, paracetamol and serratiopeptidase. Notra-Flam Tablet  is used in the reduction of pain and inflammation due to bone or soft tissue injury, resolution of postoperative inflammation, oedema (swollen tissue with fluid) and pain. Aceclofenac works by blocking the action of an enzyme known as cyclo-oxygenase (COX), which causes pain and swelling in the injured or damaged tissue. Paracetamol acts as a mild analgesic (pain reducer) and antipyretic (fever reducer), which enhances the pain relief action of aceclofenac. Serratiopeptidase is an enzyme which helps in the breakdown of a protein (fibrin) which is formed as a by-product of the clotted blood at the site of injury. It thus causes thinning of the fluids around the site of injury thereby making fluid drainage smoother in the swollen tissue.Pain can be temporary (acute) or lifelong (chronic) in nature. Acute pain is, for a short time, caused by damage to the tissues of the muscle, bone or organs. Chronic pain lasts for life and is caused by nerve damage, osteoarthritis and dental pain due to damage to the tooth nerve, infection, decay, extraction or injury. There are different types of musculoskeletal pain caused due to soft tissue (muscle, tendon and ligaments) injury. Extreme tissue pain and inflammation caused due to sprains, strains or trauma or post-surgery may require a prolonged amount of time to heal.You can take Notra-Flam Tablet  with food or without food. It should be swallowed whole with a glass of water. Do not chew, bite or break it. Your doctor will advise you on how often you take your tablets based on your medical condition.  Most of the side effects of Notra-Flam Tablet  do not require medical attention and gradually resolve over time. Common side effects include nausea, vomiting, indigestion, stomach pain, etc. However, if the side effects are persistent, reach out to your doctor.Try not to stop taking this medicine of your own. Do not take Notra-Flam Tablet  if you are allergic to painkillers like aspirin, ibuprofen, naproxen, or diclofenac. It is not recommended for use in children. It is advisable not to exceed the recommended dose or duration of treatment.","Notra-Flam Tablet  is used to treat pain after any injury, Low back pain, Cervical pain, Spondylitis, Osteoarthritis, Rheumatoid arthritis, etc. The detailed uses of Notra-Flam Tablet  are as follows:•Pain Relief: Notra-Flam Tablet  relieves mild to moderate pain, such as headaches, toothaches, and post-surgical pain, effectively controlling numerous acute pain disorders.•Anti-Inflammatory: Notra-Flam Tablet  also serves to reduce swelling. Because it contains aceclofenac, it has anti-inflammatory characteristics and helps treat inflammatory disorders such as arthritis or sports injuries.•Fever Reduction: Paracetamol in the Notra-Flam Tablet  composition, which acts as an antipyretic, helps to reduce fever in various types of situations, including illnesses and infections.•Post-Surgical Pain Management: Notra-Flam Tablet  aids in managing post-operative pain, making recovery more comfortable and reducing patient discomfort after surgery.•Management of Musculoskeletal Disorders: Notra-Flam Tablet  relieves pain and discomfort caused by musculoskeletal disorders such as lower back pain and joint pain, increasing the quality of life for persons suffering from chronic pain.","Swallow it as a whole with water; do not crush, break or chew it.","Notra-Flam Tablet  consists of aceclofenac, paracetamol and serratiopeptidase. Aceclofenac works by blocking the action of an enzyme known as cyclo-oxygenase (COX), which causes pain and swelling in the injured or damaged tissue. Paracetamol acts as a mild analgesic (pain reducer) and antipyretic (fever reducer), which enhances the pain relief action of aceclofenac. Serratiopeptidase causes thinning of the fluids around the site of injury, thereby making fluid drainage smoother in the swollen tissue. Together, these not only reduce pain and inflammation but also help with faster healing.","Notra-Flam Tablet  belongs to the class of drugs known as 'non-steroidal anti-inflammatory drugs' (NSAID). It is a fixed-dose combination composed of aceclofenac, paracetamol and serratiopeptidase. Notra-Flam Tablet  is used in the reduction of pain and inflammation due to bone or soft tissue injury, resolution of postoperative inflammation, oedema (swollen tissue with fluid) and pain. Aceclofenac works by blocking the action of an enzyme known as cyclo-oxygenase (COX), which causes pain and swelling in the injured or damaged tissue. Paracetamol acts as a mild analgesic (pain reducer) and antipyretic (fever reducer), which enhances the pain relief action of aceclofenac. Serratiopeptidase is an enzyme which helps in the breakdown of a protein (fibrin) which is formed as a by-product of the clotted blood at the site of injury. It thus causes thinning of the fluids around the site of injury thereby making fluid drainage smoother in the swollen tissue.",https://images.apollo247.in/pub/media/pharma/tablet.jpg
Dolo Oral Drops 15 ml,30.0,27.0,"['Fever', 'Pain relief']",16393,DOL0009,https://www.apollopharmacy.in/otc/dolo-drops-15ml?doNotTrack=true,"Dolo Oral Drops is a non-steroidal anti-inflammatory drug (NSAID) used in relieving pain and fever. Pain can be acute (temporary) or chronic (long-lasting). Acute pain is a short time pain caused by damage to the tissues of the muscle, bone, or other organs. Chronic pain lasts for a long duration and is caused due to pathologies like nerve damage, etc. This medicine helps relieve symptoms of muscle pain and dental pain in children. Fever is a high body temperature followed by shivering, headache, and, in severe cases, delirium.Dolo Oral Drops contains Paracetamol which belongs to the antipyretic and analgesic class of drugs. Paracetamol works by blocking the production of a chemical messenger (prostaglandin) and encouraging heat loss (through sweating), which helps reset the hypothalamus thermostat.Dolo Oral Drops may cause certain side effects such as abdominal pain, cold-like symptoms, or diarrhoea. These side effects do not require medical attention and gradually resolve over time. However, if the side effects persist or worsen, please consult your paediatrician. Dolo Oral Drops should be used as advised by your doctor. Do not give the child more than the prescribed dose of Dolo Oral Drops. Dolo Oral Drops can be given with or without food. Your paediatrician will decide the dose of the medicine depending upon the type and severity of the condition.Dolo Oral Drops is intended for pediatric use only. Avoid giving Dolo Oral Drops to your child if she/he is allergic to it. Keep your doctor informed about your child’s health condition, medications, and medical history to rule out any side effects/interactions. If your child has liver and kidney disease, inform your doctor before using this medicine. Dolo Oral Drops is used in babies below two years of age.",Treatment of Pain and Fever,Shake the container well before each use. Measure the required amount of Dolo Oral Drops and administer it to your baby. It is advised to measure the quantity accurately with the help of a syringe or dropper containing markings.,Dolo Oral Drops contains Paracetamol as an active ingredient (antipyretic and analgesic). Paracetamol lowers the elevated body temperature and mild pain by inhibiting the synthesis of a chemical messenger (prostaglandin) and promoting heat loss (through sweating) that helps reset the hypothalamic thermostat.,"Dolo Oral Drops contains Paracetamol which belongs to the antipyretic and analgesic class of drugs. Paracetamol works by blocking the production of a chemical messenger (prostaglandin) and encouraging heat loss (through sweating), which helps reset the hypothalamus thermostat.","https://images.apollo247.in/pub/media/catalog/product/d/o/dol0009.jpg, https://images.apollo247.in/pub/media/catalog/product/d/o/dol0009_1.jpg, https://images.apollo247.in/pub/media/catalog/product/d/o/dol0009_3.jpg, https://images.apollo247.in/pub/media/catalog/product/d/o/dol0009_2.jpg"
Pacimol DS Syrup 60 ml,45.0,40.5,"['Fever', 'Pain relief']",26273,PAC0029,https://www.apollopharmacy.in/otc/pacimol-ds-syrup-60-ml?doNotTrack=true,"Pacimol DS Syrup is a non-steroidal anti-inflammatory drug (NSAID) used in relieving pain and fever. Pain can be acute (temporary) or chronic (long-lasting). Acute pain is a short time pain caused by damage to the tissues of the muscle, bone, or other organs. Chronic pain lasts for a long duration and is caused due to pathologies like nerve damage, etc. This medicine helps relieve symptoms of muscle pain and dental pain in children. Fever is a high body temperature followed by shivering, headache, and, in severe cases, delirium.Pacimol DS Syrup contains Paracetamol which belongs to the antipyretic and analgesic class of drugs. Paracetamol works by blocking the production of a chemical messenger (prostaglandin) and encouraging heat loss (through sweating), which helps reset the hypothalamus thermostat.Pacimol DS Syrup may cause certain side effects such as abdominal pain, cold-like symptoms, or diarrhoea. These side effects do not require medical attention and gradually resolve over time. However, if the side effects persist or worsen, please consult your paediatrician. Pacimol DS Syrup should be used as advised by your doctor. Do not give the child more than the prescribed dose of Pacimol DS Syrup. Pacimol DS Syrup can be given with or without food. Your paediatrician will decide the dose of the medicine depending upon the type and severity of the condition.Pacimol DS Syrup is intended for pediatric use only. Avoid giving Pacimol DS Syrup to your child if she/he is allergic to it. Keep your doctor informed about your child’s health condition, medications, and medical history to rule out any side effects/interactions. If your child has liver and kidney disease, inform your doctor before using this medicine. Pacimol DS Syrup is used in babies below two years of age.",Treatment of Pain and Fever,Shake the container well before each use. Measure the required amount of Pacimol DS Syrup and administer it to your baby. It is advised to measure the quantity accurately with the help of a syringe or dropper containing markings.,Pacimol DS Syrup contains Paracetamol as an active ingredient (antipyretic and analgesic). Paracetamol lowers the elevated body temperature and mild pain by inhibiting the synthesis of a chemical messenger (prostaglandin) and promoting heat loss (through sweating) that helps reset the hypothalamic thermostat.,"Pacimol DS Syrup contains Paracetamol which belongs to the antipyretic and analgesic class of drugs. Paracetamol works by blocking the production of a chemical messenger (prostaglandin) and encouraging heat loss (through sweating), which helps reset the hypothalamus thermostat.","https://images.apollo247.in/pub/media/catalog/product/P/A/PAC0029_1_1.jpg, https://images.apollo247.in/pub/media/catalog/product/P/A/PAC0029_2_1.jpg, https://images.apollo247.in/pub/media/catalog/product/P/A/PAC0029_3_1.jpg"
T 98 DS Suspension 60 ml,45.0,40.5,"['Fever', 'Pain relief']",40474,T980003,https://www.apollopharmacy.in/otc/t-98-ds-syrup-60ml?doNotTrack=true,"T 98 DS Suspension is a non-steroidal anti-inflammatory drug (NSAID) used in relieving pain and fever. Pain can be acute (temporary) or chronic (long-lasting). Acute pain is a short time pain caused by damage to the tissues of the muscle, bone, or other organs. Chronic pain lasts for a long duration and is caused due to pathologies like nerve damage, etc. This medicine helps relieve symptoms of muscle pain and dental pain in children. Fever is a high body temperature followed by shivering, headache, and, in severe cases, delirium.T 98 DS Suspension contains Paracetamol which belongs to the antipyretic and analgesic class of drugs. Paracetamol works by blocking the production of a chemical messenger (prostaglandin) and encouraging heat loss (through sweating), which helps reset the hypothalamus thermostat.T 98 DS Suspension may cause certain side effects such as abdominal pain, cold-like symptoms, or diarrhoea. These side effects do not require medical attention and gradually resolve over time. However, if the side effects persist or worsen, please consult your paediatrician. T 98 DS Suspension should be used as advised by your doctor. Do not give the child more than the prescribed dose of T 98 DS Suspension. T 98 DS Suspension can be given with or without food. Your paediatrician will decide the dose of the medicine depending upon the type and severity of the condition.T 98 DS Suspension is intended for pediatric use only. Avoid giving T 98 DS Suspension to your child if she/he is allergic to it. Keep your doctor informed about your child’s health condition, medications, and medical history to rule out any side effects/interactions. If your child has liver and kidney disease, inform your doctor before using this medicine. T 98 DS Suspension is used in babies below two years of age.",Treatment of Pain and Fever,Shake the container well before each use. Measure the required amount of T 98 DS Suspension and administer it to your baby. It is advised to measure the quantity accurately with the help of a syringe or dropper containing markings.,T 98 DS Suspension contains Paracetamol as an active ingredient (antipyretic and analgesic). Paracetamol lowers the elevated body temperature and mild pain by inhibiting the synthesis of a chemical messenger (prostaglandin) and promoting heat loss (through sweating) that helps reset the hypothalamic thermostat.,"T 98 DS Suspension contains Paracetamol which belongs to the antipyretic and analgesic class of drugs. Paracetamol works by blocking the production of a chemical messenger (prostaglandin) and encouraging heat loss (through sweating), which helps reset the hypothalamus thermostat.","https://images.apollo247.in/pub/media/catalog/product/T/9/T980003_1_1.jpg, https://images.apollo247.in/pub/media/catalog/product/T/9/T980003_2_1.jpg, https://images.apollo247.in/pub/media/catalog/product/T/9/T980003_3_1.jpg"
Dolo Suspension 60 ml,56.0,50.4,"['Fever', 'Pain relief']",16425,DOL0068,https://www.apollopharmacy.in/otc/dolo-suspension-60-ml?doNotTrack=true,"Dolo Suspension is a non-steroidal anti-inflammatory drug (NSAID) used in relieving pain and fever. Pain can be acute (temporary) or chronic (long-lasting). Acute pain is a short time pain caused by damage to the tissues of the muscle, bone, or other organs. Chronic pain lasts for a long duration and is caused due to pathologies like nerve damage, etc. This medicine helps relieve symptoms of muscle pain and dental pain in children. Fever is a high body temperature followed by shivering, headache, and, in severe cases, delirium.Dolo Suspension contains Paracetamol which belongs to the antipyretic and analgesic class of drugs. Paracetamol works by blocking the production of a chemical messenger (prostaglandin) and encouraging heat loss (through sweating), which helps reset the hypothalamus thermostat.Dolo Suspension may cause certain side effects such as abdominal pain, cold-like symptoms, or diarrhoea. These side effects do not require medical attention and gradually resolve over time. However, if the side effects persist or worsen, please consult your paediatrician. Dolo Suspension should be used as advised by your doctor. Do not give the child more than the prescribed dose of Dolo Suspension. Dolo Suspension can be given with or without food. Your paediatrician will decide the dose of the medicine depending upon the type and severity of the condition.Dolo Suspension is intended for pediatric use only. Avoid giving Dolo Suspension to your child if she/he is allergic to it. Keep your doctor informed about your child’s health condition, medications, and medical history to rule out any side effects/interactions. If your child has liver and kidney disease, inform your doctor before using this medicine. Dolo Suspension is used in babies below two years of age.",Treatment of Pain and Fever,Shake the container well before each use. Measure the required amount of Dolo Suspension and administer it to your baby. It is advised to measure the quantity accurately with the help of a syringe or dropper containing markings.,Dolo Suspension contains Paracetamol as an active ingredient (antipyretic and analgesic). Paracetamol lowers the elevated body temperature and mild pain by inhibiting the synthesis of a chemical messenger (prostaglandin) and promoting heat loss (through sweating) that helps reset the hypothalamic thermostat.,"Dolo Suspension contains Paracetamol which belongs to the antipyretic and analgesic class of drugs. Paracetamol works by blocking the production of a chemical messenger (prostaglandin) and encouraging heat loss (through sweating), which helps reset the hypothalamus thermostat.","https://images.apollo247.in/pub/media/catalog/product/l/i/liquid.jpg, https://images.apollo247.in/pub/media/catalog/product/d/o/dol0068_1.jpg, https://images.apollo247.in/pub/media/catalog/product/d/o/dol0068_2.jpg"
Zerodol-SP Tablet 10's,139.0,125.1,"['SP', 'Pain', 'Inflammation']",45662,ZER0004,https://www.apollopharmacy.in/otc/zerodol-sp-tablet?doNotTrack=true,"Zerodol-SP Tablet  belongs to the class of drugs known as 'non-steroidal anti-inflammatory drugs' (NSAID). It is a fixed-dose combination composed of aceclofenac, paracetamol and serratiopeptidase. Zerodol-SP Tablet  is used in the reduction of pain and inflammation due to bone or soft tissue injury, resolution of postoperative inflammation, oedema (swollen tissue with fluid) and pain. Aceclofenac works by blocking the action of an enzyme known as cyclo-oxygenase (COX), which causes pain and swelling in the injured or damaged tissue. Paracetamol acts as a mild analgesic (pain reducer) and antipyretic (fever reducer), which enhances the pain relief action of aceclofenac. Serratiopeptidase is an enzyme which helps in the breakdown of a protein (fibrin) which is formed as a by-product of the clotted blood at the site of injury. It thus causes thinning of the fluids around the site of injury thereby making fluid drainage smoother in the swollen tissue.Pain can be temporary (acute) or lifelong (chronic) in nature. Acute pain is, for a short time, caused by damage to the tissues of the muscle, bone or organs. Chronic pain lasts for life and is caused by nerve damage, osteoarthritis and dental pain due to damage to the tooth nerve, infection, decay, extraction or injury. There are different types of musculoskeletal pain caused due to soft tissue (muscle, tendon and ligaments) injury. Extreme tissue pain and inflammation caused due to sprains, strains or trauma or post-surgery may require a prolonged amount of time to heal.You can take Zerodol-SP Tablet  with food or without food. It should be swallowed whole with a glass of water. Do not chew, bite or break it. Your doctor will advise you on how often you take your tablets based on your medical condition.  Most of the side effects of Zerodol-SP Tablet  do not require medical attention and gradually resolve over time. Common side effects include nausea, vomiting, indigestion, stomach pain, etc. However, if the side effects are persistent, reach out to your doctor.Try not to stop taking this medicine of your own. Do not take Zerodol-SP Tablet  if you are allergic to painkillers like aspirin, ibuprofen, naproxen, or diclofenac. It is not recommended for use in children. It is advisable not to exceed the recommended dose or duration of treatment.","Zerodol-SP Tablet  is used to treat pain after any injury, Low back pain, Cervical pain, Spondylitis, Osteoarthritis, Rheumatoid arthritis, etc. The detailed uses of Zerodol-SP Tablet  are as follows:•Pain Relief: Zerodol-SP Tablet  relieves mild to moderate pain, such as headaches, toothaches, and post-surgical pain, effectively controlling numerous acute pain disorders.•Anti-Inflammatory: Zerodol-SP Tablet  also serves to reduce swelling. Because it contains aceclofenac, it has anti-inflammatory characteristics and helps treat inflammatory disorders such as arthritis or sports injuries.•Fever Reduction: Paracetamol in the Zerodol-SP Tablet  composition, which acts as an antipyretic, helps to reduce fever in various types of situations, including illnesses and infections.•Post-Surgical Pain Management: Zerodol-SP Tablet  aids in managing post-operative pain, making recovery more comfortable and reducing patient discomfort after surgery.•Management of Musculoskeletal Disorders: Zerodol-SP Tablet  relieves pain and discomfort caused by musculoskeletal disorders such as lower back pain and joint pain, increasing the quality of life for persons suffering from chronic pain.","Swallow it as a whole with water; do not crush, break or chew it.","Zerodol-SP Tablet  consists of aceclofenac, paracetamol and serratiopeptidase. Aceclofenac works by blocking the action of an enzyme known as cyclo-oxygenase (COX), which causes pain and swelling in the injured or damaged tissue. Paracetamol acts as a mild analgesic (pain reducer) and antipyretic (fever reducer), which enhances the pain relief action of aceclofenac. Serratiopeptidase causes thinning of the fluids around the site of injury, thereby making fluid drainage smoother in the swollen tissue. Together, these not only reduce pain and inflammation but also help with faster healing.","Zerodol-SP Tablet  belongs to the class of drugs known as 'non-steroidal anti-inflammatory drugs' (NSAID). It is a fixed-dose combination composed of aceclofenac, paracetamol and serratiopeptidase. Zerodol-SP Tablet  is used in the reduction of pain and inflammation due to bone or soft tissue injury, resolution of postoperative inflammation, oedema (swollen tissue with fluid) and pain. Aceclofenac works by blocking the action of an enzyme known as cyclo-oxygenase (COX), which causes pain and swelling in the injured or damaged tissue. Paracetamol acts as a mild analgesic (pain reducer) and antipyretic (fever reducer), which enhances the pain relief action of aceclofenac. Serratiopeptidase is an enzyme which helps in the breakdown of a protein (fibrin) which is formed as a by-product of the clotted blood at the site of injury. It thus causes thinning of the fluids around the site of injury thereby making fluid drainage smoother in the swollen tissue.","https://images.apollo247.in/pub/media/catalog/product/z/e/zer0004.jpg, https://images.apollo247.in/pub/media/catalog/product/z/e/zerodol.jpg"
